,,pid1263-28,pid610003b-04,pid9048b-04,pid9049-29,pid9050-29,pid9054-29,pid9055-28,pid9058-29,pid9059b-04,pid9060-29,pid9061-29,pid9062b-03,pid9063b-04,pid9066-29,pid9070b-12,pid9072b-04,pid9073b-04,pid9074f-29,pid9093b-03,pid9094-28,pid9097-19,pid9098-08,pid9099b-04,pid9101b-11,pid9104-29,pid9118b-04,pid9130-03,pid9138-29,pid9139-28,pid9153-28,pid9170-28,pid9174-29,pid9192-29
1,2,0.16319719,0.24351064,0.19038123,0.31177167,0.18185318,0.16327041,0.251244,0.45212709,0.29016138,0.28484321,0.16543142,0.21351282,0.16724358,0.28112569,0.42795799,0.19467475,0.22885667,0.2209992,0.25843577,0.36685423,0.097419628,0.18525983,0.31074632,0.39841555,0.16009163,0.23055673,0.43087501,0.32155115,0.16108231,0.16014397,0.10523779,0.19551737,0.078723128
2,0,0.30392108,0.42286396,0.40814367,0.6811453,0.34443915,0.36387816,0.58142883,0.74672687,0.48714758,0.59624095,0.25187338,0.47965299,0.39347674,0.53007829,0.68898111,0.34142222,0.40250428,0.37792166,0.44249603,0.6622901,0.70165579,0.44269766,0.57829835,0.74998416,0.37091549,0.48463582,0.69577521,0.68615369,0.33125668,0.32048607,0.26606543,0.4113173,0.20161434
2,1,0.42065121,0.60854539,0.71493991,0.85280408,0.51601041,0.55690691,0.73202417,0.87758068,0.66848143,0.71428571,0.44394229,0.61916574,0.57456628,0.71614473,0.7546879,0.48083232,0.57113614,0.48422062,0.60360825,0.91237942,1,0.62366892,0.75668379,0.93692828,0.51498814,0.61748248,0.85750535,0.85537506,0.44998218,0.42313433,0.39517387,0.56177931,0.34902247
2,2,0.4808396,0.71168145,0.90253553,0.87786781,0.61543604,0.64311454,0.80202595,0.91460669,0.71530235,0.78383811,0.48302338,0.74277631,0.69084559,0.76870504,0.74349115,0.59191919,0.66550151,0.57652278,0.69625297,0.98106467,0.92881315,0.74785851,0.79011582,0.97071934,0.65797267,0.70809235,0.91634608,0.95432092,0.55044311,0.51244221,0.48611743,0.60677358,0.44129147
3,0,0.53482249,0.78688864,1,0.84039512,0.71543908,0.65912341,0.81209348,0.91753732,0.6806922,0.79382203,0.41750991,0.77450021,0.76340298,0.79531316,0.66902685,0.61794747,0.79235548,0.70119904,0.73868953,1,0.81907179,0.75206871,0.74504049,0.90867223,0.73821484,0.76167301,0.98535998,1,0.62461637,0.5603553,0.52505687,0.61886216,0.48079014
3,1,0.54893938,0.83713629,0.96906292,0.75666424,0.78591327,0.62676248,0.75231918,0.86640617,0.5675384,0.73780488,0.38108847,0.70479076,0.79430914,0.75451756,0.63973067,0.54899394,0.88517663,0.78833733,0.75390563,0.93854948,0.74667634,0.61512535,0.64140033,0.74925531,0.70972756,0.73685757,0.97333926,0.9876254,0.61583466,0.54720645,0.55064457,0.5818404,0.46937617
3,2,0.56060868,0.85189783,0.87694808,0.70167516,0.81138001,0.56106106,0.66932646,0.80749574,0.52105775,0.64500134,0.41265554,0.61999705,0.78931265,0.68931443,0.5979419,0.47372929,0.90763374,0.83117506,0.76616772,0.82712576,0.70219966,0.51087821,0.56828355,0.59952466,0.62448662,0.72920487,0.93024942,0.92605795,0.57817906,0.50278695,0.62192612,0.55902253,0.46196966
4,0,0.59907783,0.8363331,0.83069018,0.70119264,0.78962084,0.56284141,0.62902968,0.81432196,0.59048221,0.68292683,0.47242582,0.67794747,0.77098529,0.57812103,0.53927331,0.52150303,0.86999773,0.82917666,0.79447859,0.74682922,0.75205463,0.54860201,0.56837063,0.61853808,0.57647877,0.81014012,0.89103006,0.85787035,0.60334027,0.46647735,0.70035749,0.59780832,0.52435305
4,1,0.64214547,0.7735996,0.84344697,0.73739075,0.71336244,0.62195052,0.72549316,0.82971373,0.68457126,0.69967837,0.4822166,0.7536638,0.74945399,0.46161659,0.46912848,0.60371717,0.74748914,0.75356515,0.82649683,0.72167738,0.81284747,0.67226533,0.67018201,0.71565438,0.60611143,0.83614285,0.82755879,0.81988084,0.66846745,0.47256637,0.74569386,0.65906071,0.58198264
4,2,0.66861155,0.73765105,0.92145442,0.78724508,0.67929536,0.68643644,0.8148836,0.85351616,0.81143302,0.71984723,0.50482702,0.83042598,0.72664524,0.42015446,0.39458796,0.68230303,0.65927673,0.62583533,0.84350714,0.72473205,0.80879865,0.77300771,0.76461726,0.83438259,0.68073304,0.83298067,0.83810615,0.79014106,0.77622731,0.52737419,0.739844,0.71011073,0.61960737
5,0,0.66142949,0.74725275,0.98436263,0.78703569,0.70440755,0.71092521,0.82458681,0.85512443,0.88340463,0.7054409,0.52716395,0.82617557,0.68683809,0.52926365,0.32977894,0.69944242,0.66675844,0.51082334,0.82613997,0.74698106,0.66443075,0.75353556,0.78873117,0.87055033,0.75991164,0.7977853,0.90110969,0.79416408,0.85075691,0.56295073,0.68481205,0.70162658,0.60022714
5,1,0.596964,0.77263821,0.94391863,0.63850146,0.73492914,0.70882311,0.77336058,0.8039218,0.81263854,0.63924551,0.51134965,0.7401483,0.60855277,0.60359712,0.29530787,0.62249697,0.71873541,0.44067146,0.7836142,0.75212576,0.51258762,0.66306113,0.74930767,0.79125383,0.75973165,0.65780317,0.8944679,0.81122371,0.83512454,0.54471008,0.59646842,0.64911798,0.51501582
5,2,0.46940516,0.79117228,0.7742817,0.47421704,0.75157268,0.68497783,0.65662875,0.63096699,0.68302547,0.51918386,0.4703063,0.5836339,0.5220361,0.6926788,0.27689506,0.46851717,0.75117613,0.41123102,0.7337728,0.72194534,0.52401499,0.49564984,0.65870417,0.62073519,0.70256893,0.49922415,0.85203288,0.82431125,0.7254796,0.44021265,0.37059365,0.57547155,0.29337227
6,0,0.43469393,0.83355847,0.7193399,0.47840495,0.79833261,0.71614472,0.51846455,0.47342776,0.52561734,0.54679711,0.45386298,0.53197195,0.57344336,0.75851672,0.29784873,0.48652121,0.82186337,0.52365308,0.77842982,0.64918721,0.6687213,0.54805334,0.6192023,0.65484314,0.6769042,0.65444115,0.84626808,0.80516372,0.60002989,0.38040549,0.35636984,0.55791523,0.37722885
6,1,0.48092613,0.83970404,0.72376099,0.56112527,0.80313421,0.79372229,0.48884841,0.42814596,0.45808866,0.56592066,0.45081362,0.51753127,0.69686199,0.77105375,0.31428813,0.58850909,0.82472437,0.59334133,0.83825337,0.57673276,0.75006043,0.6694548,0.60761125,0.76469843,0.6402029,0.81354916,0.81020592,0.7677853,0.53548891,0.40906089,0.40723107,0.58283314,0.51822017
6,2,0.55005192,0.8329865,0.74530721,0.65751092,0.79489855,0.82489632,0.51844677,0.41619709,0.49130857,0.55569552,0.47302749,0.51303951,0.79001319,0.75417901,0.3423647,0.71501414,0.80616972,0.64490008,0.86196471,0.5271079,0.76226734,0.79506646,0.59025516,0.877955,0.62450299,0.87942587,0.82014523,0.7344299,0.49036196,0.46271959,0.4713953,0.62380298,0.60086801
7,0,0.59242731,0.81650907,0.75679782,0.71537691,0.77922749,0.81645932,0.56427048,0.41985442,0.49813339,0.52749263,0.49960345,0.52074925,0.80603288,0.71069615,0.36590158,0.78179394,0.79085914,0.67993605,0.85347938,0.52616113,0.68485618,0.80082188,0.53472089,0.88561318,0.63818212,0.8283726,0.84383587,0.71248154,0.48855734,0.48763704,0.50965226,0.64552119,0.60934534
7,1,0.57554144,0.77675149,0.68891984,0.65222141,0.72637945,0.8035178,0.53868847,0.45007803,0.49062804,0.45,0.50843019,0.50239337,0.71532328,0.66640923,0.38617769,0.73861818,0.76271592,0.69979217,0.82279937,0.6257324,0.61324631,0.69898216,0.44086911,0.76513151,0.6641741,0.65337142,0.78770799,0.70657432,0.47993655,0.45186237,0.53884736,0.6407942,0.47636083
7,2,0.58258752,0.77760335,0.59172971,0.58855608,0.70744654,0.7995853,0.48471655,0.57739365,0.59542096,0.48423345,0.56906194,0.52699749,0.65468538,0.68664833,0.48470399,0.6663596,0.75509056,0.73366107,0.76342189,0.77920686,0.68159294,0.59686251,0.49649917,0.5820957,0.7552483,0.44951098,0.66055496,0.7184906,0.4806607,0.41507727,0.64196728,0.6635357,0.37062546
8,0,0.66360512,0.88482835,0.69583109,0.58732702,0.84326914,0.80652081,0.52905634,0.73370582,0.75409294,0.59495444,0.6620949,0.59913383,0.77535336,0.72923191,0.64171254,0.76752323,0.86052887,0.79624301,0.73140365,0.89871383,0.75132947,0.64158465,0.6291126,0.63233337,0.88423464,0.60157756,0.6232767,0.74074451,0.59801837,0.55981376,0.77629726,0.73347079,0.48594143
8,1,0.76185473,1,0.8256993,0.58619811,1,0.82017732,0.57014395,0.84136477,0.83868365,0.72205843,0.74654724,0.60849278,0.97739729,0.74552476,0.79525705,0.88331313,1,0.84876099,0.74256542,0.9422115,0.76534929,0.72328037,0.76025429,0.78766241,0.90026998,0.76443551,0.68747296,0.73794368,0.69752526,0.70116233,0.90033582,0.80259641,0.62969092
8,2,0.80647992,0.97598968,0.90383337,0.5796158,0.97867642,0.76941227,0.58371246,0.85843628,0.82126191,0.75636559,0.80644059,0.60212387,1,0.70951121,0.84346574,0.96525253,0.99055508,0.85131894,0.75627478,0.91622008,0.7086657,0.77548233,0.76288426,0.85463188,0.83359241,0.8360253,0.77816626,0.68294546,0.77167554,0.79084665,0.92741848,0.86208477,0.67699359
9,0,0.8153926,0.89836078,0.89895856,0.54987254,0.8885501,0.64796225,0.58277946,0.76727702,0.72799922,0.74296435,0.85881307,0.57664821,0.92405324,0.61242065,0.84410096,0.97365657,0.91488801,0.79102318,0.71407613,0.85202751,0.60907663,0.78054352,0.67103544,0.79453892,0.76806021,0.79563408,0.86885955,0.61440139,0.81585995,0.80273412,0.86702416,0.87995418,0.68325627
9,1,0.72342267,0.70021783,0.76474312,0.3675346,0.64245267,0.51977692,0.49415319,0.60625916,0.47768812,0.68701421,0.85354848,0.44461726,0.65728149,0.53511426,0.74545609,0.78467071,0.70219184,0.61198241,0.59955393,0.74329225,0.54091129,0.67437043,0.44702604,0.60944333,0.69676839,0.60026097,0.88928776,0.54147782,0.79679077,0.72922996,0.67267902,0.83955708,0.53678105
9,2,0.57535601,0.54651771,0.63380921,0.33601602,0.4396102,0.40689261,0.41300871,0.54378671,0.34719036,0.69961136,0.83543006,0.48637052,0.43198582,0.6008887,0.71659185,0.49611313,0.50915163,0.40467626,0.46557296,0.72885852,0.63880832,0.64718331,0.42141426,0.43498468,0.72858545,0.38823059,0.88596686,0.58690228,0.72251405,0.6785101,0.44339725,0.78029782,0.40100592
10,0,0.53363578,0.5048982,0.6710561,0.50180262,0.40771093,0.42377377,0.56087613,0.63566076,0.43464904,0.82558295,0.85354848,0.61350746,0.43811555,0.71986881,0.8166342,0.41928889,0.44764595,0.40441247,0.4510904,0.76829225,0.77489727,0.70655156,0.59994775,0.44260061,0.85862718,0.43454648,0.87486991,0.72903193,0.72329567,0.73378682,0.47176362,0.78969072,0.45620183
10,1,0.51089053,0.51513271,0.776698,0.77445375,0.44153489,0.49648935,0.71152479,0.73363434,0.5608497,0.95644599,0.82797757,0.72631099,0.53716982,0.82342361,0.90141442,0.56549495,0.45050696,0.40522782,0.50835646,0.77253483,0.86910805,0.79034118,0.80097535,0.49722193,0.95467561,0.55222881,0.86459149,0.83388501,0.77556064,0.78411042,0.5811938,0.82985872,0.55124523
10,2,0.52501978,0.5460431,0.86032942,0.90039148,0.48198385,0.54882025,0.78162431,0.81840817,0.63520319,1,0.81683304,0.80887894,0.64672189,0.87172027,0.94782756,0.70583434,0.47316758,0.45143086,0.57207573,0.75074134,0.83756345,0.84239757,0.85455891,0.53618887,1,0.65059717,0.92833172,0.89117482,0.84833159,0.82102761,0.70777814,0.83512791,0.64894946
11,0,0.55442791,0.59745902,0.87533369,0.96922797,0.53979558,0.55561991,0.81310645,0.88270333,0.59028777,0.98499062,0.83283194,0.80171894,0.70682408,0.85097334,0.94664182,0.76071919,0.56128422,0.52243805,0.66266852,0.71008396,0.7330191,0.83958704,0.79306801,0.51854864,0.97930132,0.69452673,1,0.90283648,0.8640674,0.81600845,0.78073881,0.84062619,0.6846029
11,1,0.58277294,0.6496051,0.80709696,0.95994173,0.59172179,0.54320749,0.8229163,0.88728988,0.54100719,0.88890378,0.83228497,0.69429211,0.72061854,0.76740372,0.90581858,0.69285657,0.64657577,0.57890488,0.74132633,0.67872454,0.64587866,0.76976049,0.69303318,0.47522975,0.89994273,0.68507547,0.99132357,0.88358711,0.835205,0.76205257,0.81822121,0.83512791,0.68438387
11,2,0.62504945,0.69649398,0.68818123,0.94664967,0.63326479,0.52541113,0.83724009,0.85344468,0.57325491,0.7477888,0.79427048,0.5878575,0.7094202,0.65827338,0.79396968,0.56793535,0.68836563,0.63695444,0.83228588,0.65488567,0.61832246,0.68908372,0.61156492,0.48204289,0.71719709,0.68287723,0.95323846,0.81972806,0.78385958,0.62207766,0.88083631,0.83634975,0.68631459
12,0,0.692902,0.73839339,0.69722389,0.94246176,0.68134161,0.5466395,0.88663586,0.8396731,0.64974723,0.72447065,0.77170792,0.67973076,0.72341039,0.60601989,0.67938511,0.50137374,0.72043526,0.67314948,0.86250991,0.65857449,0.66539763,0.7126877,0.60501611,0.55642759,0.61585535,0.74246485,0.920848,0.78128024,0.77919286,0.53109893,0.9105189,0.8574265,0.74143749
12,1,0.74891218,0.76542173,0.74091777,0.94018572,0.71382842,0.5953525,0.95095077,0.84639211,0.69298075,0.75556151,0.76487078,0.7863665,0.73934767,0.60695091,0.5684848,0.48783838,0.70908699,0.64857714,0.85961538,0.68705788,0.73338168,0.78974772,0.62750152,0.66369494,0.60027816,0.78650021,0.86546849,0.76732698,0.81004379,0.51468102,0.88863612,0.87857961,0.7820881
12,2,0.78631824,0.7846738,0.78335602,0.93335761,0.75016461,0.6453096,1,0.85968716,0.69649038,0.80729027,0.78196363,0.88101527,0.72175176,0.62834321,0.44928432,0.50293333,0.70602248,0.58021583,0.81774385,0.73199357,0.79798163,0.85593515,0.65212053,0.75750502,0.64462898,0.79503456,0.87196997,0.75892448,0.8702169,0.53697662,0.82585852,0.8975945,0.79310457
13,0,0.77694818,0.81304078,0.79207158,0.88542425,0.80319499,0.68548549,0.99724542,0.8585435,0.65475403,0.83322166,0.81785861,0.89209048,0.68075988,0.6696678,0.37900398,0.50247273,0.74480769,0.52541167,0.75291435,0.75752947,0.77562243,0.88307747,0.64671253,0.76626175,0.68969157,0.75534866,0.91799483,0.74873962,0.89741261,0.55900145,0.74038566,0.89919817,0.75135069
13,1,0.70390378,0.80746717,0.75850717,0.78723598,0.80186797,0.71305591,0.94908477,0.81251117,0.53296714,0.79837845,0.8370026,0.81527467,0.6007026,0.72469319,0.31887016,0.41031919,0.75574895,0.50055955,0.69739294,0.76244194,0.71096205,0.82008129,0.59311156,0.6836379,0.68484824,0.60713782,0.88864463,0.74359627,0.83528546,0.53680491,0.64299643,0.87842688,0.64002596
13,2,0.58248863,0.76314605,0.69868,0.61201748,0.74573782,0.76419276,0.80291452,0.65799788,0.43730313,0.6793755,0.83720771,0.67401885,0.52784646,0.77376217,0.27481155,0.31266263,0.71225924,0.48041567,0.65919905,0.73285102,0.70485859,0.66069849,0.53479927,0.57250449,0.62617197,0.45749283,0.7379062,0.71477313,0.68298486,0.40985339,0.42839346,0.82871325,0.45126146
14,0,0.49955498,0.73672618,0.6593228,0.55602695,0.7063525,0.84405834,0.69301582,0.50408025,0.43888781,0.66691906,0.83207986,0.59525885,0.58301397,0.77642827,0.29222495,0.31654949,0.7104756,0.53689049,0.74421094,0.66709539,0.74178148,0.65923164,0.5123574,0.61753459,0.58056124,0.58251046,0.54260457,0.67092733,0.53809814,0.31479329,0.38465497,0.75802215,0.49627647
14,1,0.48479529,0.73476689,0.65373049,0.58328478,0.69289991,0.91505792,0.63384574,0.42665682,0.42977834,0.70778612,0.82325995,0.50971427,0.68180039,0.75832628,0.31056153,0.40107475,0.70942217,0.57565148,0.79974227,0.59677563,0.7178511,0.71405377,0.48366281,0.71309813,0.56655486,0.71603893,0.45270642,0.63599328,0.46168347,0.31213842,0.40339075,0.67585338,0.59073578
14,2,0.51929638,0.72077203,0.64009792,0.63404042,0.67172827,0.93329043,0.602799,0.39221596,0.43377406,0.75308228,0.85265965,0.46671404,0.77164462,0.75029623,0.33887524,0.50553535,0.67838203,0.59745004,0.83949247,0.5441497,0.66956732,0.75901105,0.44558913,0.77583184,0.59546756,0.77150045,0.4684573,0.6060498,0.41831515,0.34747722,0.44023941,0.62437572,0.65669668
15,0,0.54939676,0.68410548,0.59795511,0.63580663,0.64210825,0.88817389,0.57073929,0.37770577,0.43383239,0.7804208,0.9118009,0.46246363,0.79844027,0.73879602,0.36729906,0.61261414,0.64285287,0.6019984,0.86233148,0.53573598,0.59880952,0.70801841,0.39342506,0.7620788,0.67077641,0.72544317,0.50103486,0.5835922,0.42922332,0.3714965,0.46298884,0.59954945,0.66435467
15,1,0.56963261,0.58062867,0.51040908,0.5010925,0.53323136,0.83190333,0.46155145,0.40746477,0.4636399,0.70289467,0.94079037,0.5218085,0.72371945,0.75436945,0.40867282,0.69090101,0.55735782,0.6058753,0.88106661,0.61329046,0.58014866,0.51976889,0.33674998,0.65004753,0.71670621,0.59143274,0.47596441,0.56026888,0.46462603,0.33421609,0.48516412,0.60390225,0.52585382
15,2,0.61993176,0.5731688,0.48523314,0.47377094,0.51972811,0.7992993,0.40222143,0.51176422,0.54534318,0.67046368,0.94954191,0.6124348,0.67094202,0.78534702,0.48959092,0.78014545,0.55492776,0.64401279,0.89051348,0.68319043,0.6365724,0.4429664,0.37637377,0.57734235,0.75015954,0.53089293,0.46713596,0.54662117,0.48429292,0.34785365,0.55470697,0.6481176,0.45922771
16,0,0.68144284,0.70266389,0.63806147,0.51824472,0.67476726,0.78657229,0.2982584,0.66351366,0.70578456,0.73452158,1,0.73750687,0.75959121,0.82053534,0.68485644,0.92630303,0.70751882,0.71063949,0.89972244,0.81254019,0.7218395,0.44097327,0.550762,0.50404563,0.83514685,0.62383035,0.57908769,0.56775475,0.56374211,0.52784969,0.6453797,0.76708667,0.59348584
16,1,0.72903481,0.8704684,0.75522564,0.55132921,0.89053557,0.7960818,0.2909721,0.77251879,0.76885087,0.84039132,0.99637632,0.73029324,0.95347591,0.81365848,0.79899212,1,0.92986341,0.76697042,0.92578311,0.88304752,0.74782451,0.47477801,0.69339894,0.5473434,0.86222695,0.75367941,0.67057613,0.57732851,0.56832837,0.66186765,0.72348608,0.86849943,0.72664071
16,2,0.75304094,0.89178927,0.8336446,0.54795157,0.92722631,0.73702274,0.30047983,0.79999047,0.71171495,0.86545162,0.94427731,0.67101541,0.97352372,0.77334956,0.83138816,0.95935354,0.9825706,0.78271783,0.93868953,0.89044302,0.71084119,0.46625684,0.71659845,0.58393366,0.80408247,0.80376875,0.73864287,0.54417681,0.54577639,0.75194822,0.72538187,0.94371898,0.77092561
17,0,0.73718107,0.83831672,0.87587182,0.51499454,0.86878653,0.57749178,0.3436467,0.7091886,0.57247715,0.83704101,0.88581977,0.56171143,0.88558536,0.72166737,0.79822139,0.75747879,0.94249255,0.73717826,0.89971253,0.84136299,0.66195311,0.42386375,0.67286423,0.56104363,0.71087294,0.7618611,0.79230346,0.46988338,0.51789101,0.78087439,0.64391724,1,0.76896244
17,1,0.68790793,0.66529152,0.78154116,0.40335943,0.65933932,0.44214929,0.34435756,0.48257705,0.40211939,0.75716966,0.79673185,0.44145292,0.62949685,0.67037664,0.68353519,0.43652525,0.74607659,0.57486011,0.81105274,0.68674527,0.63627024,0.43107483,0.52409649,0.51795711,0.64885871,0.61395589,0.79723804,0.41330651,0.50241957,0.7130498,0.49725382,0.97754868,0.63400665
17,2,0.65867286,0.5333382,0.52861047,0.37858704,0.48017059,0.35311025,0.31006753,0.35876389,0.32821311,0.62815599,0.69533707,0.44223059,0.44452343,0.56726619,0.61448293,0.2824,0.54281336,0.42466827,0.59426051,0.51052161,0.63210056,0.48444131,0.40838631,0.49745431,0.60912215,0.41245827,0.76071984,0.40295361,0.49098265,0.54056267,0.28785072,0.840168,0.40152511
18,0,0.65320906,0.44762878,0.37364017,0.36126184,0.38134263,0.36121836,0.27025058,0.25720447,0.30771923,0.51125034,0.65463558,0.39449726,0.34661268,0.47136056,0.62501906,0.26998788,0.42408753,0.37241407,0.34144528,0.38906752,0.64207155,0.4626513,0.38305321,0.47205028,0.49577845,0.36661259,0.70431132,0.39157203,0.43693606,0.38287545,0.22505146,0.67250859,0.28527622
18,1,0.590536,0.37728938,0.36217066,0.31063365,0.29297892,0.35926641,0.25551804,0.17540892,0.35706786,0.42903377,0.62025844,0.35294512,0.31352248,0.43390817,0.66071822,0.31814141,0.33665322,0.31039169,0.31617764,0.3299482,0.67500604,0.39752763,0.43177741,0.43178409,0.36110611,0.42180373,0.63894573,0.36174568,0.30710698,0.29505349,0.22792222,0.61766323,0.28062789
18,2,0.54871687,0.35248804,0.37580324,0.33353059,0.26716776,0.35296725,0.3095877,0.17173967,0.49173634,0.43071563,0.58895118,0.44038026,0.35711048,0.49406475,0.6665368,0.36465455,0.32234818,0.31028777,0.41727795,0.28166309,0.73737007,0.42595765,0.51769572,0.44083659,0.38385012,0.49039592,0.64150657,0.349091,0.29188841,0.23844274,0.26353591,0.64539137,0.32041048
19,0,0.52401849,0.36961046,0.4460131,0.36657866,0.28766069,0.42350922,0.33192643,0.21634243,0.63241299,0.50910614,0.61033092,0.55826551,0.44565665,0.56654676,0.6918777,0.41765657,0.35766187,0.37274181,0.46702022,0.28387817,0.83345419,0.48083577,0.60884786,0.51714376,0.51102839,0.5740584,0.67842234,0.3816418,0.38708491,0.29460441,0.32432023,0.66806415,0.38275331
19,1,0.56526899,0.42316819,0.50956496,0.44923525,0.34204848,0.53274703,0.34073218,0.27459763,0.72628816,0.58615653,0.63546424,0.64493638,0.54295957,0.64190647,0.7292623,0.46742626,0.39704562,0.45452438,0.49786875,0.3861647,0.84481508,0.51740625,0.67081773,0.60072885,0.58698356,0.61550759,0.7254879,0.42155115,0.48663778,0.47109365,0.3888257,0.63887743,0.48436765
19,2,0.60189626,0.47471797,0.6016798,0.49431901,0.39926254,0.6513156,0.34891594,0.36140861,0.74422516,0.62363307,0.66322986,0.69936043,0.6142498,0.6212336,0.81114593,0.52117172,0.44225912,0.54840128,0.52415741,0.42355305,0.79254291,0.53465014,0.66513977,0.66337805,0.58721263,0.66794799,0.7501374,0.44449763,0.53729353,0.57960639,0.41497671,0.52290951,0.54984992
20,0,0.61491297,0.54233142,0.65799331,0.45315914,0.46094391,0.71339911,0.36042296,0.42950406,0.68929613,0.60878451,0.66852181,0.71078425,0.65668397,0.60380872,0.85339206,0.56192323,0.48497073,0.60135891,0.5667724,0.4136388,0.75622432,0.49710549,0.65920927,0.71260167,0.51400638,0.71401702,0.7532712,0.4691348,0.53639697,0.61855765,0.40364533,0.40292478,0.6185041
20,1,0.59905311,0.57769584,0.65755015,0.35495266,0.49271149,0.68943229,0.39211836,0.4575833,0.62731869,0.57755293,0.6803569,0.66597391,0.67524828,0.67622725,0.8677056,0.57782626,0.49728863,0.61679456,0.62681404,0.33970168,0.75640561,0.4324745,0.64465732,0.72490757,0.43522867,0.75016457,0.7475064,0.48314916,0.49305164,0.56397438,0.37522479,0.39504391,0.66638274
20,2,0.62737342,0.59843258,0.65044897,0.3475965,0.51153297,0.63206063,0.45288786,0.51152595,0.57082442,0.56669124,0.70258444,0.60544911,0.7189496,0.72300042,0.85788092,0.58438788,0.50437531,0.61210232,0.69864195,0.306413,0.75495528,0.44017826,0.62751894,0.70842928,0.36383866,0.75123431,0.75965575,0.5024902,0.48938494,0.50219258,0.3548153,0.44205422,0.67705849
21,0,0.65402492,0.59902888,0.6475895,0.36057902,0.51163427,0.5964965,0.48901724,0.58115819,0.53251993,0.60075717,0.73465062,0.56757083,0.80837145,0.73099873,0.85661049,0.60270707,0.51259921,0.60377298,0.75305313,0.35217042,0.76988156,0.47467724,0.61443874,0.73066441,0.3744989,0.73477688,0.77587437,0.51958038,0.52338533,0.47870823,0.36022099,0.48816342,0.6512858
21,1,0.65406201,0.51805338,0.59125489,0.3765295,0.42606643,0.56317031,0.47080149,0.59411968,0.49628621,0.58679308,0.76001641,0.49855861,0.80708369,0.66038934,0.86626577,0.57803636,0.44804099,0.57343725,0.73539849,0.40304573,0.72981629,0.48187712,0.57786293,0.73519594,0.38188661,0.62479428,0.76954829,0.51601568,0.52992563,0.44965658,0.35768064,0.50197785,0.56559585
21,2,0.6299199,0.40043567,0.46847731,0.42013838,0.32910238,0.54829115,0.40665541,0.58081271,0.42029944,0.53182123,0.7136606,0.44514018,0.73301191,0.42734871,0.84260185,0.47924848,0.36686738,0.48195044,0.64203013,0.41976599,0.61125212,0.44686307,0.55389707,0.65843456,0.35909351,0.51313067,0.72254119,0.44747161,0.49004012,0.39510633,0.33118839,0.534853,0.37441389
22,0,0.49444966,0.31156219,0.35322296,0.43008922,0.2429774,0.50037895,0.30746401,0.50259111,0.41371767,0.40227821,0.55936688,0.38761883,0.59558248,0.33733601,0.77836029,0.38545455,0.29925662,0.37586731,0.50447066,0.3967667,0.51788736,0.40491787,0.57025168,0.56764551,0.36639123,0.46514553,0.65233457,0.38873555,0.43401648,0.32508916,0.29282851,0.51648721,0.22097834
22,1,0.34467712,0.32068928,0.33605563,0.41565914,0.24445638,0.43612899,0.23363249,0.41942555,0.45780673,0.31803136,0.44414741,0.41115029,0.48397,0.39948159,0.69183535,0.33991919,0.3050744,0.31528377,0.4861816,0.34338156,0.50439328,0.38788673,0.62485413,0.4659343,0.42507568,0.48804486,0.57895906,0.3464684,0.36846401,0.28510765,0.28302459,0.52531501,0.27404884
22,2,0.32250049,0.35714894,0.38737826,0.46882739,0.28304142,0.44701845,0.27104141,0.43926091,0.54707369,0.35928035,0.40546971,0.56159075,0.50310092,0.48750529,0.6525451,0.39211313,0.35143709,0.35891287,0.5612609,0.25669882,0.55487672,0.46779088,0.70769834,0.44618147,0.50068723,0.52850661,0.59237129,0.35585884,0.3840274,0.28848237,0.31574044,0.55270714,0.31813904
23,0,0.35438093,0.4379419,0.50488008,0.55796613,0.36751522,0.49874875,0.37699485,0.51806626,0.63012833,0.43056151,0.41901408,0.70123758,0.60624511,0.60390394,0.67779283,0.47661414,0.44224715,0.43922462,0.63586439,0.24258664,0.68382886,0.59423114,0.79325089,0.52765396,0.60268347,0.54206047,0.63788164,0.41435555,0.45867194,0.43290847,0.37775972,0.60676594,0.42098645
23,1,0.3920713,0.56124274,0.56411636,0.6243354,0.49749283,0.59468039,0.44483739,0.59900406,0.68679759,0.4956647,0.45413647,0.7611456,0.68066716,0.71602835,0.74494791,0.58542222,0.56621617,0.52320544,0.66165741,0.32278492,0.81188059,0.71325876,0.83418096,0.67426851,0.66858382,0.52783655,0.67348776,0.49824311,0.52924746,0.5369436,0.45726357,0.68561283,0.50093291
23,2,0.39733732,0.64876541,0.64214491,0.67546431,0.61202225,0.77985128,0.50980096,0.68963915,0.68123663,0.54094077,0.55412963,0.76165511,0.7439939,0.74195937,0.79568053,0.71005253,0.69255539,0.59031974,0.64201031,0.4007324,0.85968093,0.8548826,0.78854829,0.7833527,0.72701464,0.55480322,0.67922918,0.52803381,0.57248934,0.62952054,0.48462788,0.77159221,0.59366431
24,0,0.40742435,0.68283986,0.72629335,0.63262928,0.66968202,0.84820535,0.55147503,0.75933096,0.61912308,0.55733718,0.59867359,0.67999893,0.78950839,0.69769361,0.78112984,0.77132929,0.76764787,0.59967226,0.57184774,0.50458199,0.88445734,0.94279284,0.72182357,0.80571459,0.74041561,0.64637702,0.63426841,0.52253399,0.55953517,0.66900013,0.46297801,0.82367316,0.6770017
24,1,0.45455894,0.66581481,0.7552784,0.64968135,0.66150714,0.86772487,0.547823,0.72279339,0.60759284,0.57010855,0.64429099,0.54668079,0.75857131,0.66675836,0.70697044,0.75711515,0.77309456,0.53710631,0.54240682,0.60360843,0.85629683,0.95326234,0.67020813,0.74740678,0.70203714,0.77402784,0.60815725,0.48164689,0.50261497,0.61806234,0.40960351,0.84093165,0.70107082
24,2,0.50406695,0.62034975,0.78882171,0.73753642,0.61394694,0.87330187,0.55191932,0.66007076,0.65819561,0.60385285,0.65079995,0.48004183,0.74566283,0.67802581,0.63831625,0.66171313,0.74012713,0.5261231,0.55285488,0.67817078,0.73211264,0.89726449,0.65104938,0.67675082,0.63298699,0.83028871,0.61734819,0.44097367,0.50446557,0.52441553,0.37869137,0.83444063,0.67066602
25,0,0.55537975,0.56502744,0.8132274,0.72611071,0.54366522,0.84670385,0.51232451,0.58898512,0.6744021,0.64099437,0.63043894,0.48456041,0.72814934,0.71011426,0.66364021,0.56046869,0.66817099,0.51905675,0.5708069,0.75257235,0.58325477,0.76373633,0.58462074,0.64289638,0.53168617,0.80991677,0.63516879,0.40452717,0.53732802,0.48201691,0.34926877,0.77632684,0.61436684
25,1,0.54945856,0.48890755,0.77536851,0.56831755,0.43473768,0.77992278,0.43585392,0.49566958,0.593846,0.62244707,0.59136469,0.46002333,0.62217209,0.59453026,0.71873465,0.50120404,0.53639705,0.47553957,0.52226408,0.64222044,0.43509185,0.56646176,0.4677175,0.6313827,0.48419373,0.64864579,0.62279727,0.37755258,0.51230474,0.46153745,0.29358683,0.6714853,0.53405533
25,2,0.39020471,0.28084651,0.48571851,0.33717225,0.2159,0.52031317,0.25705527,0.26642523,0.34411822,0.39872018,0.45966772,0.38356954,0.47220505,0.39779941,0.54448209,0.32185051,0.27585381,0.29103118,0.35174465,0.39438192,0.21635243,0.37046368,0.27428372,0.33891412,0.35382476,0.39621244,0.45744221,0.23164434,0.3066472,0.31729626,0.19694508,0.49315006,0.34969579
26,0,0.338929,0.25701873,0.25194939,0.35528041,0.19714943,0.37872158,0.18649369,0.1946248,0.33574762,0.28248459,0.36087789,0.27710811,0.41656365,0.3406898,0.33625815,0.27145051,0.24453835,0.24009592,0.32246233,0.39454269,0.14617476,0.34372446,0.25824262,0.31710151,0.31180561,0.43250106,0.38176312,0.17859653,0.24977299,0.15622771,0.16177554,0.4088278,0.25931695
26,1,0.27412975,0.29059423,0.24151393,0.35976875,0.21842236,0.30706421,0.1899147,0.18891841,0.36706203,0.24810373,0.34459866,0.25631193,0.39991552,0.41049513,0.3246718,0.28790303,0.27226259,0.24661871,0.33630056,0.41983744,0.15083394,0.31537282,0.2798746,0.36608218,0.33837029,0.50761744,0.41948573,0.19104751,0.23855447,0.11713776,0.1819467,0.42420008,0.26266732
26,2,0.31004005,0.29732394,0.25936712,0.36637837,0.22504736,0.27498212,0.21908655,0.20246364,0.37772701,0.28778478,0.35459456,0.31491935,0.43176948,0.4812738,0.31937833,0.28370101,0.28159977,0.27941647,0.38373315,0.41644337,0.20690718,0.33273987,0.3166507,0.41949931,0.36091794,0.55461513,0.49000807,0.20446606,0.26001448,0.12049267,0.2374824,0.44323788,0.27855115
27,0,0.36020322,0.35437431,0.29816509,0.40060998,0.287529,0.31965537,0.24639239,0.2425394,0.41043165,0.32941571,0.39236292,0.40287741,0.48957432,0.57535971,0.3467604,0.31829495,0.3482409,0.3284972,0.4535686,0.36707753,0.3005197,0.36767555,0.36062005,0.49521496,0.4449235,0.57002633,0.54822905,0.22837501,0.3383832,0.22364945,0.31188929,0.4722184,0.34548552
27,1,0.40895718,0.46981369,0.3154907,0.4850965,0.38538448,0.40618476,0.27386707,0.29306298,0.44917363,0.35964889,0.43845891,0.43465494,0.56969341,0.7277719,0.47565851,0.38349899,0.43918264,0.36271783,0.50281523,0.39106824,0.33375635,0.41319269,0.41564051,0.60208091,0.53804303,0.57578643,0.61502122,0.26056933,0.42479799,0.33740589,0.39430181,0.47153112,0.45572321
27,2,0.46563489,0.54044516,0.30658521,0.51721595,0.45542308,0.48834549,0.2996268,0.37545419,0.4377309,0.40240552,0.47710242,0.45348011,0.62881691,0.7406898,0.61318709,0.44963232,0.49221303,0.38154277,0.52696273,0.39758842,0.32212956,0.44760209,0.44109553,0.68346889,0.55403747,0.59353694,0.65761994,0.28044508,0.45825814,0.41363096,0.43678366,0.40163421,0.53841973
28,0,0.51253461,0.58559381,0.28570373,0.45869446,0.50048117,0.53805949,0.30804159,0.43411444,0.41948279,0.40926695,0.50847122,0.45849479,0.65535501,0.60411553,0.73165919,0.49673535,0.52278631,0.37542766,0.53311856,0.3882726,0.32249214,0.45781406,0.46880606,0.7367804,0.54432627,0.63245874,0.67996586,0.31194684,0.44420051,0.43973715,0.42928177,0.33524246,0.62679484
28,1,0.55476167,0.61671109,0.26355608,0.31215404,0.53587528,0.54430859,0.31642971,0.45872696,0.42436321,0.4022112,0.5234172,0.46376423,0.6473194,0.46359501,0.81561785,0.53877172,0.54105366,0.36030376,0.53329699,0.34453376,0.34216824,0.44575453,0.49917269,0.7488011,0.51866972,0.68596887,0.70314199,0.32359831,0.38988954,0.4179963,0.39559636,0.32444444,0.6712501
28,2,0.59042474,0.64373943,0.26225824,0.28643481,0.57378162,0.56553697,0.33887507,0.48654412,0.46141357,0.41502278,0.55534664,0.49111704,0.63464788,0.52582522,0.86101465,0.55287273,0.59220465,0.40543565,0.54536082,0.32711683,0.3915035,0.46594332,0.51318471,0.74536812,0.4825002,0.7240678,0.73244542,0.33972093,0.35509604,0.43130366,0.36438089,0.3545399,0.68908088
29,0,0.60462816,0.6748567,0.28655841,0.32450838,0.6198831,0.58281138,0.34474853,0.54451341,0.4680245,0.45893862,0.59290305,0.52750701,0.62459307,0.60979687,0.89099687,0.54678788,0.64579767,0.45441247,0.56713918,0.36370132,0.4522057,0.51391268,0.50330924,0.77987747,0.48502004,0.76559929,0.74232627,0.37103936,0.38041817,0.46108836,0.3492146,0.40905689,0.66794841
29,1,0.59614814,0.63607268,0.30362023,0.35969592,0.56705532,0.57572573,0.32488004,0.54838518,0.42099942,0.47668856,0.59433201,0.5122082,0.5786459,0.67485188,0.88379775,0.49738182,0.61389564,0.47270184,0.55596749,0.38465523,0.44821731,0.52377753,0.46119481,0.77235661,0.48520003,0.75623031,0.72034285,0.38145847,0.39860228,0.46250826,0.33157838,0.43563192,0.58322382
29,2,0.58554193,0.5370012,0.31161829,0.39260743,0.45803661,0.53924639,0.29544162,0.53069418,0.38626288,0.46366926,0.52441542,0.42404902,0.48727696,0.63468049,0.823088,0.37734141,0.50700887,0.46530775,0.47058882,0.40558235,0.38694706,0.46220341,0.42208482,0.69800359,0.44038288,0.65404147,0.65708205,0.34462494,0.41963701,0.41031568,0.3055032,0.49909889,0.35077472
30,0,0.54929786,0.36038601,0.32801536,0.40595412,0.24829563,0.45931646,0.2513684,0.47516708,0.43057554,0.42085902,0.37535211,0.33621164,0.35600816,0.56371138,0.75794867,0.28816162,0.32559225,0.41657874,0.33388184,0.37675063,0.31950689,0.40741487,0.40846469,0.58878209,0.41271374,0.58187568,0.55209953,0.3023527,0.38405039,0.32607978,0.25285451,0.48314624,0.16584733
30,1,0.50553797,0.28370633,0.32954533,0.39856154,0.19709878,0.3990991,0.2246579,0.44281102,0.49286409,0.36862771,0.33022699,0.36926295,0.29665801,0.54705882,0.69015838,0.27808485,0.24628608,0.3898801,0.27440523,0.32985888,0.29273628,0.37906323,0.44437865,0.45256153,0.41127383,0.54762073,0.45917282,0.26694505,0.32396924,0.25885616,0.21895244,0.46019091,0.22160299
30,2,0.52662678,0.30114514,0.34101485,0.48119082,0.22680997,0.43183183,0.23798649,0.48432828,0.57635621,0.38706111,0.33404895,0.48673255,0.3361664,0.60122725,0.67075464,0.33357576,0.28045058,0.42496403,0.32323553,0.26124509,0.32076988,0.42988791,0.52598624,0.39705292,0.45074859,0.54410589,0.46941615,0.25765646,0.2978425,0.24693568,0.23463872,0.45828942,0.25576377
31,0,0.57169699,0.38822971,0.38938305,0.61691551,0.32814004,0.52762048,0.32668385,0.56333615,0.64865837,0.46468105,0.35154519,0.6145533,0.43181069,0.68888066,0.7140764,0.42931717,0.38992303,0.49240608,0.40538263,0.2329314,0.41548223,0.56357284,0.62877297,0.44723777,0.56403502,0.55978746,0.50426221,0.27847431,0.32476235,0.39122969,0.29041274,0.48824742,0.36096374
31,1,0.64521114,0.50520244,0.44162367,0.73824654,0.45071264,0.66071786,0.39569042,0.6308002,0.71702314,0.55959528,0.38708464,0.67853743,0.52743438,0.7740055,0.78146015,0.54378182,0.5074039,0.55366906,0.43600317,0.32165952,0.49832004,0.68302597,0.6819211,0.56358931,0.68420191,0.55894108,0.51304388,0.32003361,0.38880907,0.51312905,0.36506879,0.54161894,0.47524134
31,2,0.6811338,0.60759617,0.50275922,0.83937546,0.57077302,0.84734735,0.44625022,0.68177649,0.73329769,0.66642991,0.44799672,0.70780762,0.64074669,0.8110876,0.85771153,0.65142626,0.63599363,0.61645883,0.3978291,0.38266345,0.52796108,0.8477275,0.68476879,0.67257843,0.74380267,0.60094278,0.51784983,0.38229363,0.47487902,0.60969489,0.40463655,0.64255823,0.565896
32,0,0.72909662,0.65734487,0.56076098,0.82262382,0.63039801,0.94766195,0.46786032,0.72278148,0.6930488,0.71013133,0.48448653,0.69885091,0.72362674,0.80611511,0.86855255,0.68366061,0.72873098,0.63677058,0.32934179,0.42953733,0.54454315,0.9484027,0.63800401,0.74629767,0.7713491,0.72651291,0.50144412,0.40328971,0.52941988,0.66292432,0.34970209,0.72116838,0.6703902
32,1,0.7938217,0.63433244,0.60975172,0.82655681,0.61240718,0.96310596,0.42505776,0.63668529,0.62769784,0.71294559,0.49447559,0.68284147,0.68742531,0.80584003,0.82566274,0.6213899,0.73477621,0.62551559,0.37007335,0.47564309,0.54076626,0.96291444,0.61435165,0.7604521,0.71618261,0.83494381,0.48895567,0.37115649,0.49927011,0.64574693,0.27027408,0.76869034,0.707009
32,2,0.81358782,0.61111314,0.64588016,0.88930262,0.6021354,0.96775347,0.40266572,0.50185249,0.60104997,0.72306352,0.48592917,0.66881645,0.65744633,0.7962865,0.74950453,0.48293333,0.74532243,0.6584972,0.42619944,0.53666488,0.49997583,0.91132834,0.60478098,0.74297032,0.60170989,0.87658109,0.51731194,0.29203035,0.49136197,0.61438383,0.23774239,0.76242841,0.71934777
33,0,0.77275761,0.58241758,0.65699092,0.83079934,0.57540241,0.98977549,0.35407855,0.37539462,0.62093136,0.73760386,0.44137153,0.67623121,0.58630033,0.6738468,0.7025578,0.35991919,0.71928606,0.67071942,0.40160587,0.62563416,0.43548465,0.83397718,0.56308456,0.71134467,0.5202078,0.83524945,0.48561138,0.25949992,0.48467224,0.61242901,0.22210486,0.6620084,0.7224061
33,1,0.76614419,0.54587273,0.67015922,0.67168609,0.51191791,1,0.28933712,0.26920099,0.63443515,0.75388636,0.44652673,0.67096177,0.50559402,0.36882141,0.64498179,0.26383838,0.63088212,0.66203837,0.25182395,0.66068239,0.36314963,0.75051228,0.47299486,0.6053977,0.40234803,0.67422533,0.3976894,0.22159699,0.42184393,0.65313037,0.1848283,0.50492554,0.6825505
33,2,0.78553946,0.51789517,0.70095913,0.6701657,0.46926061,0.98491348,0.17211658,0.18692891,0.64067665,0.75569552,0.52710242,0.63225218,0.48228046,0.4331041,0.58902346,0.19644444,0.55399404,0.75503597,0.22232355,0.65600214,0.28680807,0.69120002,0.39727423,0.52152741,0.32648286,0.54046175,0.35053029,0.1730305,0.37867102,0.67692511,0.15863395,0.46765178,0.63725156
34,0,0.76673754,0.45277646,0.70348095,0.79878004,0.37008823,0.95095095,0.15101297,0.21211327,0.6714369,0.70463683,0.55804731,0.61230072,0.4283801,0.56327761,0.51720166,0.15705051,0.39912853,0.72625899,0.28505155,0.60480529,0.25103336,0.62074641,0.40134982,0.44943488,0.30522785,0.44388019,0.35917165,0.17743036,0.3873148,0.6334434,0.20846604,0.47509737,0.58894297
34,1,0.78755439,0.48010904,0.71368428,0.95948653,0.40248387,0.92871443,0.17605296,0.22035716,0.72288548,0.63027339,0.57414878,0.61321248,0.41991181,0.66081253,0.47397307,0.20869495,0.428397,0.67254197,0.33041237,0.53240443,0.221489,0.63034253,0.45894801,0.50777437,0.3349505,0.53709973,0.37861762,0.14980903,0.35641789,0.5883833,0.23616076,0.5386407,0.60166302
34,2,0.70530063,0.51515705,0.67385226,0.97378004,0.45078355,0.89117689,0.21745157,0.27820731,0.75816644,0.62258778,0.51015999,0.60727263,0.40263527,0.74392721,0.38827814,0.26339394,0.5096544,0.52123102,0.35724623,0.49923187,0.2132584,0.71305721,0.48547418,0.57922256,0.38834165,0.60459867,0.41113671,0.20868768,0.38942976,0.51397438,0.23827321,0.57289042,0.64743247
35,0,0.6051968,0.53560172,0.57845589,0.94756009,0.48171034,0.85635636,0.23544518,0.35006731,0.75005833,0.65755159,0.4644332,0.58677143,0.41523468,0.77181549,0.31151859,0.29980606,0.58671008,0.4453797,0.35521412,0.5547517,0.21698695,0.75362514,0.49490551,0.6213584,0.41952876,0.62669864,0.44712871,0.23729694,0.46947666,0.44663188,0.25153829,0.58813288,0.67747222
35,1,0.54332723,0.56143746,0.51028246,0.9109614,0.52279749,0.83626484,0.23648481,0.42665682,0.72147579,0.72882605,0.47582388,0.53827382,0.46386039,0.7528777,0.30387059,0.33612121,0.65509894,0.48973621,0.3337728,0.61054841,0.23315809,0.78665726,0.50774188,0.67126862,0.45735908,0.66772464,0.48985606,0.27426796,0.53184519,0.43779554,0.28209295,0.62298587,0.70410481
35,2,0.47643888,0.54974262,0.48933768,0.87022032,0.51238389,0.8033033,0.21005865,0.50310337,0.70764145,0.79616725,0.52460003,0.50827959,0.49151111,0.72319086,0.32913526,0.35271919,0.63491626,0.53314948,0.3037272,0.62898357,0.28473532,0.79327488,0.51639815,0.70082391,0.49712836,0.6859101,0.48736538,0.32294648,0.55592593,0.44622243,0.30654859,0.63731195,0.73130526
36,0,0.46905904,0.5096808,0.57346502,0.88536052,0.46253432,0.76076076,0.26435045,0.58257586,0.73190745,0.78450817,0.57592643,0.5509312,0.51644208,0.70706729,0.40340476,0.37393939,0.54171206,0.51906475,0.32920301,0.62008753,0.32421441,0.78424983,0.56438213,0.72588993,0.56843655,0.70609395,0.45921959,0.36061517,0.56186853,0.45515784,0.30456072,0.64946163,0.75924394
36,1,0.55495945,0.51241892,0.69052367,0.98124545,0.46930113,0.73945374,0.37607962,0.66904135,0.77616177,0.6923747,0.65140845,0.63371368,0.63368978,0.72069403,0.54014568,0.41723636,0.52731125,0.51352518,0.40867367,0.58742408,0.31437032,0.78159607,0.64163546,0.79028203,0.64349178,0.75813467,0.46204937,0.39931252,0.61934045,0.50517765,0.2947568,0.6958152,0.79921311
36,2,0.58753214,0.54702883,0.74331297,0.99863438,0.5160408,0.73559274,0.43493869,0.7493001,0.77430488,0.6673747,0.67840148,0.67529263,0.68819796,0.68496614,0.62717879,0.45130505,0.58916408,0.49330136,0.46620738,0.54026438,0.29601765,0.77201115,0.65400157,0.82780184,0.65002045,0.78471341,0.47495878,0.41965677,0.66295015,0.56204596,0.27424439,0.73714395,0.83880912
37,0,0.55152294,0.55749455,0.70375529,0.90851238,0.52889573,0.70305305,0.45858361,0.8273311,0.71923002,0.66584026,0.63125256,0.64995106,0.69774797,0.61206094,0.71135767,0.48766061,0.62319691,0.41858513,0.48760904,0.44763308,0.29063331,0.74700751,0.63661064,0.82203444,0.5863945,0.76367142,0.47611642,0.4290523,0.68159404,0.60661075,0.2354512,0.72225277,0.86030664
37,1,0.49430133,0.51487715,0.54424783,0.74836125,0.47311,0.6535035,0.45712636,0.87272012,0.5967237,0.66590726,0.55866949,0.56787922,0.70145671,0.54378967,0.769264,0.52121212,0.57544561,0.32430855,0.41188541,0.33791533,0.33440295,0.70066176,0.57990943,0.76721242,0.51991328,0.71649739,0.43412575,0.44240464,0.68383545,0.64196275,0.20725274,0.6876365,0.85998215
37,2,0.43549743,0.33440424,0.44036804,0.47824108,0.25727078,0.55419705,0.41299094,0.91913368,0.41320241,0.64539668,0.48940243,0.45588018,0.6888779,0.50555438,0.79618023,0.5582303,0.3020458,0.27422862,0.32180809,0.27222222,0.495365,0.58503813,0.46554907,0.6441745,0.50847582,0.61321531,0.34628562,0.45526302,0.64119128,0.68716154,0.19698299,0.63453226,0.811633
38,0,0.38697834,0.22877344,0.58868032,0.32305171,0.15214198,0.38258258,0.37971388,0.94976233,0.3032763,0.64062584,0.48132094,0.45821322,0.59796225,0.54398011,0.78090963,0.59925657,0.16609407,0.24643485,0.39613402,0.29670418,0.6227943,0.3791864,0.32151877,0.58586669,0.56387139,0.59249071,0.23399478,0.45743749,0.57923654,0.70393607,0.21734373,0.62953799,0.78520321
38,1,0.44448428,0.23777883,0.83887816,0.34765113,0.16511847,0.35907336,0.44455305,0.98338118,0.27755201,0.67957652,0.60131957,0.59312694,0.64662917,0.68799196,0.78472093,0.64391919,0.1648132,0.3098721,0.52098533,0.42878707,0.729635,0.27759302,0.30355308,0.66531108,0.67623333,0.75213946,0.28884809,0.5183582,0.61688065,0.73827764,0.27639476,0.69150057,0.82501825
38,2,0.44628906,0.31286432,0.87003682,0.34183358,0.25499154,0.40925926,0.49834725,1,0.29923197,0.71368266,0.66748257,0.65532776,0.71617835,0.74613838,0.79011603,0.66930101,0.28095335,0.36252598,0.59492466,0.49523044,0.69875514,0.37571523,0.31993382,0.77067709,0.68278655,0.81267927,0.37415077,0.55802821,0.68342165,0.74996698,0.30077998,0.74084002,0.8555204
39,0,0.41973645,0.36006961,0.78252245,0.31473052,0.29948236,0.43073788,0.5148836,0.9896594,0.31911336,0.74162423,0.71536989,0.6568563,0.76291878,0.77378333,0.80204963,0.67256566,0.35887092,0.38426059,0.63806503,0.50997678,0.6443679,0.44071573,0.32595141,0.85884652,0.65483106,0.81257347,0.43005648,0.58792076,0.77804343,0.75399551,0.31155888,0.77273769,0.85689949
39,1,0.40155261,0.37402797,0.68237789,0.29117808,0.3075762,0.44586015,0.51171139,0.94411551,0.31481626,0.76279818,0.75112813,0.61948754,0.81408909,0.78218366,0.80195647,0.63734949,0.38442846,0.41526779,0.64545004,0.4977224,0.63602852,0.48567302,0.32897326,0.91021443,0.65191033,0.78821649,0.448719,0.62351683,0.84673387,0.76542068,0.32439606,0.79152348,0.84156729
39,2,0.3866075,0.34168157,0.66138035,0.26928259,0.26632698,0.44287859,0.47849653,0.90139503,0.32570484,0.7880595,0.75899084,0.57487832,0.80027403,0.76658908,0.77855509,0.56631111,0.32325796,0.43629097,0.6478291,0.44431047,0.73410684,0.4756738,0.35334843,0.90882011,0.67146363,0.77470964,0.42938996,0.64867342,0.82572213,0.77902523,0.32472647,0.80679649,0.80655472
40,0,0.38161343,0.31268178,0.66663501,0.25151129,0.23609915,0.45288145,0.46140928,0.77222096,0.34744313,0.79040472,0.73095857,0.5846127,0.74261343,0.71749894,0.72472262,0.4751596,0.25896309,0.426251,0.67663561,0.39731154,0.83738216,0.44391817,0.41649395,0.85482201,0.7003518,0.8029929,0.39597049,0.63528034,0.70305406,0.79078061,0.30270285,0.81741123,0.77853492
40,1,0.41479183,0.32563007,0.66250936,0.27570102,0.2497037,0.46615902,0.51204905,0.6730799,0.33657398,0.76179308,0.67853138,0.61655113,0.74929946,0.64571519,0.66341154,0.38975354,0.26073476,0.43411671,0.71563243,0.34938371,0.80819434,0.48148521,0.45477663,0.79298616,0.73050806,0.86732967,0.39273144,0.64902989,0.5565926,0.85167085,0.28164338,0.85834288,0.78246126
40,2,0.42940318,0.30871454,0.59692106,0.28940277,0.24290649,0.4474546,0.56887329,0.63398101,0.32554929,0.73016618,0.60822508,0.61156327,0.76517493,0.57573,0.61676971,0.32252929,0.26725882,0.41094325,0.742159,0.32637549,0.73803481,0.52743906,0.44681703,0.74991021,0.715659,0.8957775,0.40282276,0.67785303,0.42513132,0.9391758,0.24982125,0.89232532,0.79673075
41,0,0.38464201,0.28504497,0.4832389,0.29293518,0.23161158,0.43490633,0.5915941,0.57110351,0.30479292,0.70081748,0.49988377,0.55610678,0.74653851,0.49254126,0.58790548,0.26867879,0.27124508,0.35348521,0.73872918,0.3153537,0.66159052,0.55939624,0.4135853,0.73817471,0.63832938,0.85792542,0.39011214,0.71492591,0.32861297,1,0.20199328,0.87262314,0.7668208
41,1,0.32084405,0.26799557,0.3762253,0.24268026,0.20806953,0.38380523,0.5838724,0.37315495,0.25930391,0.66074779,0.37707507,0.43783269,0.67775168,0.39600085,0.53657999,0.20059798,0.23957049,0.2715028,0.6496134,0.2844766,0.59283901,0.48795727,0.36127319,0.66048379,0.4924323,0.69627827,0.34830856,0.73901309,0.27803768,0.99676397,0.18293251,0.67953417,0.61589194
41,2,0.20501632,0.21829555,0.21866987,0.19116897,0.1545833,0.21952667,0.51765594,0.14719863,0.22738674,0.51265076,0.26091891,0.26612676,0.51681296,0.26193398,0.2960786,0.13675152,0.16754253,0.15294964,0.44062252,0.1836906,0.52571912,0.25182796,0.28799965,0.32899546,0.24586435,0.39039357,0.21705118,0.68467689,0.21557719,0.9767534,0.14024483,0.30646048,0.33889835
42,0,0.15742435,0.15253185,0.14427105,0.22063001,0.11142964,0.26096811,0.48229074,0.24191992,0.32264243,0.47153578,0.30279639,0.27755058,0.33284914,0.29919594,0.1715169,0.14926061,0.1263512,0.15634692,0.47006344,0.15804752,0.53087382,0.21970282,0.29945136,0.34274849,0.22849546,0.19671322,0.2704896,0.52742272,0.2106461,0.88594637,0.21013433,0.33890034,0.30357751
42,1,0.25589646,0.21020286,0.26847309,0.26286417,0.16617199,0.33014443,0.50861027,0.38714097,0.4547832,0.52461806,0.3477916,0.3958649,0.36595995,0.44083792,0.22579826,0.20321616,0.19462035,0.21115907,0.53391158,0.25750268,0.54647692,0.29837527,0.38850475,0.56461392,0.28371104,0.34366624,0.32331996,0.41786424,0.24571547,0.82221635,0.39051024,0.48314624,0.41178713
42,2,0.33548012,0.28480158,0.41684868,0.30996905,0.23042637,0.41006006,0.58717789,0.54752743,0.56598289,0.62506031,0.3798783,0.47015996,0.47677917,0.63230004,0.26225968,0.26920404,0.26226702,0.26971223,0.5881245,0.39027331,0.62061881,0.43694223,0.46085518,0.66327242,0.36579399,0.46050219,0.416387,0.42180068,0.30164715,0.78562938,0.52811721,0.59413517,0.47572808
43,0,0.40545886,0.35796429,0.52149874,0.3579024,0.28432793,0.4478121,0.59759197,0.71968406,0.631888,0.66802466,0.38086285,0.50216543,0.53163761,0.75658062,0.27650546,0.32599596,0.33223602,0.333749,0.63304917,0.45334941,0.71156635,0.51157244,0.52376557,0.70305271,0.45932259,0.56133916,0.47414025,0.46467892,0.34033725,0.77479857,0.59560178,0.63576938,0.50056786
43,1,0.42864913,0.40052085,0.52342967,0.39740532,0.30106263,0.43904619,0.564075,0.76336951,0.62043554,0.62410212,0.3535348,0.4629061,0.54601929,0.75744816,0.2575252,0.35779394,0.34447012,0.36960032,0.65325139,0.44118435,0.75084602,0.52496445,0.52872072,0.66951516,0.51541356,0.60655005,0.47410517,0.5133167,0.34522236,0.75478801,0.62219695,0.61159985,0.47413807
43,2,0.41744956,0.40779818,0.41846306,0.48409505,0.29125683,0.39129129,0.4820064,0.73513539,0.56578845,0.52483919,0.32374538,0.39546265,0.49027486,0.72998307,0.23047345,0.37735758,0.32398817,0.39639488,0.65317209,0.35544837,0.74685763,0.54971055,0.51228773,0.58825393,0.52771005,0.63486858,0.44904641,0.51402964,0.33862458,0.73015454,0.6238219,0.53313478,0.42856332
44,0,0.39234326,0.41665754,0.34221772,0.57650218,0.30473981,0.37212927,0.39821397,0.65329219,0.5345421,0.45501206,0.33892383,0.36802939,0.43597272,0.71982649,0.2193868,0.38585859,0.32804625,0.43293365,0.70221055,0.30348339,0.73253565,0.61383766,0.50620047,0.54102672,0.57335351,0.7124183,0.43867445,0.50162958,0.34518788,0.7525426,0.62869678,0.46487973,0.42036181
44,1,0.41383999,0.44087474,0.42580693,0.72382556,0.33996171,0.38426998,0.38644038,0.60681908,0.46378573,0.46146475,0.36062491,0.38584894,0.44798492,0.7,0.20955365,0.38782222,0.36796868,0.46465228,0.74008723,0.32585745,0.70262267,0.68977796,0.48229557,0.5153903,0.5759388,0.74448676,0.41922848,0.48278759,0.34919942,0.7757892,0.6439714,0.41852616,0.39531111
44,2,0.43266663,0.45329975,0.53876104,0.76961034,0.36076866,0.37330187,0.39337125,0.56151344,0.42208828,0.47991155,0.36616983,0.39920355,0.48443359,0.57069403,0.19866181,0.37241212,0.40106779,0.47629097,0.73468477,0.35240264,0.68056563,0.70949646,0.44798398,0.51517904,0.54431809,0.71384069,0.40529005,0.46137394,0.36037196,0.78166689,0.64548803,0.35175258,0.37947595
45,0,0.425089,0.41624378,0.56027561,0.74198835,0.33079409,0.34035464,0.39582371,0.47809771,0.38713786,0.46011123,0.35531929,0.39020662,0.50980756,0.37857596,0.16927247,0.33344646,0.37188312,0.44808153,0.71668319,0.34934798,0.66763355,0.60174454,0.41956806,0.50470054,0.4918187,0.6362557,0.41354553,0.41102511,0.36559041,0.72077665,0.58980609,0.29438717,0.34404153
45,1,0.39739913,0.34754725,0.446298,0.64477422,0.27143248,0.29099814,0.33937267,0.35197341,0.31633288,0.37432994,0.31614249,0.33058017,0.49952611,0.35292002,0.1462861,0.30050909,0.31004226,0.36083133,0.65382633,0.31048589,0.68775683,0.51539073,0.37952626,0.42527728,0.34604434,0.54347111,0.41082099,0.30318277,0.34762469,0.59737155,0.49845629,0.26762123,0.25535004
45,2,0.33331685,0.2972996,0.24557627,0.48867444,0.21629507,0.25057915,0.2749067,0.30218844,0.25263465,0.30356473,0.2559825,0.24189807,0.42161165,0.3723339,0.20388752,0.26117172,0.23359709,0.3093765,0.5297383,0.2528671,0.73332125,0.49012955,0.38515196,0.33659026,0.2843819,0.44049466,0.37922567,0.25021643,0.3564064,0.42498349,0.32967176,0.28146621,0.22515616
46,0,0.26421578,0.28948681,0.22214133,0.4131646,0.20218402,0.28411268,0.26906878,0.30161661,0.25148746,0.29528277,0.22247368,0.193615,0.32930523,0.46133094,0.29543491,0.25730909,0.20849444,0.3236211,0.40865385,0.25490354,0.75471356,0.54632896,0.4459636,0.37744798,0.35464289,0.51865566,0.35955753,0.24046443,0.35375119,0.36913882,0.28495829,0.35127148,0.25805954
46,1,0.26945708,0.29684933,0.26628892,0.44110524,0.20983215,0.397712,0.27954505,0.35031748,0.27870892,0.31132404,0.23093806,0.20774728,0.28738616,0.57216462,0.41043449,0.32373333,0.21983073,0.3501279,0.33890761,0.27146302,0.74722021,0.59464544,0.46693373,0.49388402,0.45227849,0.58787088,0.34501105,0.28542038,0.34488902,0.36590279,0.33285126,0.43331042,0.31345015
46,2,0.30190615,0.32250253,0.32193768,0.5708303,0.23811502,0.51385671,0.31065399,0.40302117,0.34987361,0.32238006,0.28075345,0.26812459,0.27668233,0.60724714,0.52479885,0.3918303,0.25387553,0.37709832,0.30569984,0.28277063,0.74395697,0.58918114,0.47242881,0.59201437,0.49180234,0.63804251,0.35557011,0.35987167,0.35562478,0.37831198,0.37445022,0.50225277,0.39604932
47,0,0.32099239,0.35309652,0.34138415,0.71463037,0.26881895,0.59571,0.3237249,0.40738138,0.41538013,0.34045832,0.34076986,0.32583366,0.30032554,0.54073212,0.55347675,0.43606465,0.28623245,0.3919984,0.29175258,0.29269382,0.75181291,0.5474151,0.4556736,0.72064012,0.52992719,0.62501763,0.39537413,0.41977899,0.38087794,0.37364285,0.3772939,0.54406262,0.46519023
47,1,0.29744363,0.38182858,0.31625041,0.77336125,0.29596726,0.58563564,0.31275102,0.39001203,0.43847949,0.3858818,0.38238753,0.34381411,0.31083364,0.42361405,0.53558059,0.42118788,0.30982678,0.40073541,0.29348731,0.28426224,0.73730964,0.50187555,0.42600366,0.78999683,0.53791213,0.55102976,0.41239958,0.43560116,0.39444132,0.33914939,0.33570577,0.52603284,0.48655796
47,2,0.24862787,0.38995777,0.24567124,0.72655681,0.29319165,0.48685829,0.27289852,0.33633147,0.42447015,0.40790003,0.39634897,0.32462692,0.3101434,0.30553322,0.44338951,0.37712323,0.30017836,0.3827498,0.29538065,0.23944266,0.74184191,0.48202269,0.41555343,0.74689976,0.49802831,0.4496638,0.40476385,0.4002699,0.38942976,0.25513803,0.25096956,0.46590302,0.44557475
48,0,0.19921875,0.34302021,0.2226478,0.67068463,0.24150855,0.36075361,0.23354363,0.27759974,0.40094303,0.40154114,0.36852865,0.31254609,0.28549058,0.31206094,0.33102397,0.34778182,0.23927122,0.33555556,0.29437946,0.1990443,0.73851825,0.49354474,0.39370374,0.61657336,0.45983801,0.42745803,0.36188449,0.36211743,0.35006149,0.21135253,0.18362041,0.40260405,0.39610611
48,1,0.23055528,0.2722062,0.23386408,0.57242353,0.19117275,0.3539611,0.19223387,0.22718338,0.39838616,0.36263066,0.33651716,0.3094756,0.25065933,0.34699534,0.27332091,0.34268283,0.19509918,0.28591527,0.28344568,0.19038942,0.68123036,0.51488685,0.35585648,0.43327348,0.43067168,0.4740678,0.32613805,0.35068493,0.28824469,0.19764892,0.15033041,0.40732341,0.33811146
48,2,0.27035947,0.23658623,0.28877423,0.49065004,0.17174347,0.41118976,0.2095255,0.21155335,0.41943418,0.34800322,0.31530835,0.33036564,0.23808052,0.3981697,0.27690353,0.34433939,0.1849001,0.2604956,0.2841594,0.27586638,0.60569253,0.52382232,0.35190281,0.42459068,0.43251248,0.51864391,0.31981197,0.36873759,0.26885366,0.20569938,0.16390965,0.4425735,0.3148698
49,0,0.28723299,0.23482166,0.28827831,0.45195739,0.17338452,0.42912913,0.19151413,0.17891138,0.38455182,0.34534977,0.29669082,0.30641852,0.26315573,0.38804486,0.20668248,0.28219798,0.1939021,0.24982414,0.25975416,0.32333869,0.51237007,0.46153157,0.32929548,0.40965459,0.40592326,0.49925942,0.32457115,0.36824362,0.2677502,0.18893805,0.17311234,0.44852997,0.2578973
49,1,0.19544848,0.21302618,0.28215842,0.39749636,0.16128934,0.41258401,0.15034654,0.16494919,0.314126,0.31722728,0.2734172,0.27165096,0.24314913,0.26881083,0.20033031,0.15053737,0.18849133,0.24621902,0.20460944,0.33300286,0.41576626,0.41031498,0.28563964,0.39743319,0.30841037,0.40388865,0.28788924,0.32188725,0.22484166,0.13212257,0.12982884,0.38053456,0.13824937
49,2,0.15087273,0.21172405,0.35669442,0.32071194,0.17407336,0.35245245,0.1409721,0.14724628,0.26718841,0.31937148,0.25470395,0.25093522,0.22159723,0.27000635,0.25993902,0.13566061,0.19925303,0.24589928,0.17240285,0.29908896,0.29681533,0.37261357,0.25395802,0.4008556,0.30494969,0.38564443,0.27666367,0.27348373,0.1705192,0.13047154,0.136567,0.29313478,0.14980936
50,0,0.1404643,0.20329062,0.33213046,0.23183722,0.15869607,0.27849278,0.14673894,0.10462349,0.19938752,0.25269365,0.22864078,0.20187447,0.18211975,0.29266822,0.31041755,0.14951111,0.18312843,0.20491607,0.18736122,0.23919257,0.21989969,0.30910231,0.21075503,0.35916341,0.28611634,0.34145625,0.22928238,0.23481693,0.14754193,0.12656188,0.18284585,0.17851088,0.16339742
50,1,0.14959949,0.21653098,0.26287023,0.198689,0.15969894,0.20883026,0.13392572,0.098015273,0.17937002,0.23887698,0.2188705,0.16234698,0.13673919,0.2261003,0.3045058,0.16753939,0.18062655,0.15964029,0.1888184,0.20547517,0.16624365,0.20035384,0.21100758,0.27004331,0.17131637,0.15591057,0.17684959,0.1782095,0.12007035,0.093006208,0.17415231,0.1134097,0.099651172
50,2,0.16960047,0.21945164,0.18410307,0.22948835,0.16578705,0.21800372,0.11187133,0.057501102,0.22569512,0.27647414,0.21336661,0.15810997,0.15584951,0.19187474,0.23910392,0.19885253,0.18303267,0.13350919,0.20627478,0.2090836,0.15689509,0.28811851,0.21793085,0.27183902,0.1021435,0.21558048,0.14261158,0.13562662,0.11808182,0.08799366,0.18108547,0.090973654,0.10661962
51,0,0.18564577,0.29252918,0.32199044,0.28694465,0.24066777,0.29298584,0.14012795,0.099660476,0.35773867,0.37670866,0.19079037,0.19875035,0.28412041,0.22595218,0.22614551,0.25342222,0.26613357,0.17195843,0.25145718,0.2477224,0.17727822,0.51053109,0.28480362,0.46296609,0.2056451,0.40909625,0.30190952,0.21308754,0.13976023,0.14597807,0.23256419,0.16061856,0.22685974
51,1,0.2449194,0.4103416,0.41270193,0.38610706,0.35355613,0.38582154,0.17426693,0.20602566,0.48244215,0.53963415,0.18427458,0.23666886,0.41821198,0.38190859,0.24571017,0.33784242,0.40057699,0.22963229,0.2876586,0.31034298,0.20356539,0.67938683,0.37850736,0.62274216,0.26333961,0.53505431,0.37978695,0.27714009,0.17176059,0.21607449,0.32079406,0.21193585,0.34550986
51,2,0.28087915,0.48792182,0.49905564,0.44051347,0.43313715,0.45911626,0.24771637,0.30227183,0.59302936,0.615197,0.20923698,0.27218729,0.51995508,0.4934088,0.29394427,0.43479596,0.4786023,0.25564349,0.31163759,0.33230618,0.22332004,0.76693876,0.49062963,0.72255202,0.30136628,0.66554991,0.4120137,0.31633142,0.19064587,0.27332585,0.39768172,0.24576556,0.45194289
52,0,0.3286071,0.56135227,0.61558672,0.52602877,0.52262528,0.53399828,0.34952017,0.41150332,0.6788742,0.66870812,0.25564064,0.32693313,0.57722421,0.6278248,0.36827306,0.54387879,0.54541102,0.29430056,0.35387589,0.3647642,0.24424704,0.84377484,0.62229383,0.76451885,0.33282337,0.77604975,0.44034659,0.35963742,0.21714043,0.36518293,0.48212003,0.31899198,0.59902653
52,1,0.40187401,0.61976562,0.74397772,0.61059723,0.60458685,0.58339768,0.43595166,0.51452806,0.74842504,0.72829,0.3479557,0.39224467,0.62759097,0.71880025,0.49101381,0.63787475,0.60223613,0.38282974,0.41913164,0.45462665,0.27730844,0.89711893,0.77984847,0.80877786,0.37279719,0.9001152,0.47525111,0.40218465,0.26349728,0.45981376,0.56207345,0.41447117,0.73775452
52,2,0.5189379,0.66858944,0.7987296,0.7342134,0.68188863,0.61868297,0.5094011,0.63221787,0.80920669,0.79911552,0.45598933,0.47411539,0.68455104,0.77716885,0.60509867,0.72991515,0.65466799,0.4792486,0.51933981,0.52516077,0.33335146,0.94409173,0.87224593,0.84950882,0.43606316,0.96895425,0.52493598,0.4397413,0.33630272,0.59467045,0.66287509,0.51576938,0.85787296
53,0,0.68517603,0.74940674,0.78589894,0.81558631,0.78479897,0.65883741,0.56453705,0.74118726,0.85314991,0.82270169,0.53667442,0.57208941,0.73068364,0.79632882,0.66990768,0.78714343,0.75573698,0.55918465,0.63279144,0.61101286,0.39607203,0.96731499,0.91631107,0.89239463,0.51989692,1,0.58398718,0.46683302,0.42021173,0.68696341,0.74168562,0.64807942,0.95878965
53,1,0.79117633,0.82249644,0.70935815,0.89068645,0.8573498,0.73230373,0.59491736,0.83624212,0.89042388,0.8010587,0.55304253,0.68872769,0.76608151,0.80426365,0.70752096,0.79583838,0.83876606,0.63268585,0.75141753,0.7070025,0.47627508,0.98095334,0.90681878,0.93698109,0.58984701,0.97318616,0.6597949,0.50882008,0.50651157,0.7644961,0.80511321,0.73539519,1
53,2,0.84491199,0.87041972,0.60869657,0.9313547,0.89780889,0.83304733,0.5688644,0.89318688,0.91035388,0.78357009,0.54393546,0.82975557,0.76019904,0.79458316,0.76602863,0.73996768,0.89353221,0.7086251,0.87808287,0.79736513,0.65983805,1,0.85347035,0.97897961,0.64087376,0.89863403,0.73480747,0.57284718,0.60699548,0.79679038,0.85971184,0.74836197,0.9739596
54,0,0.82112836,0.88366008,0.58207506,0.8929898,0.91439164,0.90690691,0.60360761,0.91154501,0.93705036,0.78444117,0.58612061,0.93974337,0.70176577,0.79099661,0.81333107,0.7064404,0.9131762,0.75003997,0.96981562,0.81581815,0.84819918,0.97211865,0.83032309,1,0.72954267,0.79348286,0.81157404,0.64561797,0.70983575,0.79130894,0.89454014,0.76510118,0.91141397
54,1,0.78443928,0.83226851,0.69673852,0.87479971,0.87583699,0.93593594,0.67997157,0.91750158,0.97812561,0.79187885,0.6486189,1,0.6367907,0.81948794,0.84456678,0.72277172,0.872751,0.7939968,1,0.7924348,0.85267102,0.95545702,0.87564225,0.97379318,0.85461834,0.70949123,0.84874706,0.72388858,0.81507833,0.76218465,0.92384357,0.86880489,0.8169871
54,2,0.80492237,0.78569603,0.83652517,0.88681719,0.84714892,0.90569141,0.71515905,0.94917859,1,0.8174082,0.66080952,0.98204637,0.65891952,0.83526238,0.87066994,0.74840404,0.86377294,0.88001599,0.97108446,0.7666756,0.76770607,0.89710773,0.89854568,0.92745326,0.92800458,0.70143885,0.8879898,0.77959974,0.89011368,0.73748514,0.92893511,0.92142039,0.77018739
55,0,0.86629747,0.77619169,0.92823906,0.88016205,0.85797786,0.81445731,0.73942598,0.96034119,0.96976473,0.82384079,0.64701217,0.90379587,0.68821857,0.81026238,0.8525451,0.72949495,0.92130433,0.96586731,0.91192506,0.73819221,0.76232777,0.80709239,0.85367064,0.8304109,0.96097521,0.74459256,0.9148961,0.80256658,0.90381499,0.73543785,0.9225436,0.95379916,0.76301614
55,1,0.93429836,0.80589731,0.92154939,0.85769301,0.89593484,0.70924496,0.7346188,0.92361301,0.89311686,0.77861163,0.6094626,0.80437377,0.69978778,0.75429539,0.81809096,0.64529293,0.98503657,1,0.87087629,0.71256699,0.75906454,0.70018028,0.76705565,0.71431288,0.93078622,0.78204495,0.87323285,0.78825686,0.84273382,0.74177784,0.91858954,0.92829324,0.78573862
55,2,0.97528926,0.82109695,0.8180811,0.85596322,0.90050346,0.64387959,0.71740714,0.86246292,0.8248882,0.71542482,0.59524135,0.71683136,0.68902213,0.71747778,0.77767426,0.54907475,0.98946575,0.98944844,0.83252379,0.70897642,0.71078076,0.63107035,0.68797353,0.64720608,0.85093676,0.8164057,0.84993978,0.73886031,0.77485948,0.74342887,0.93023508,0.87980145,0.81633812
56,0,1,0.80273326,0.73931394,0.86832666,0.86707457,0.62062062,0.72950951,0.82999964,0.76319269,0.76688555,0.62141392,0.74647698,0.7109243,0.71324587,0.70554756,0.57279192,0.93103655,0.94916067,0.80505551,0.72433012,0.68920715,0.68632918,0.67462336,0.6604521,0.79323407,0.84775709,0.85975046,0.69593115,0.76035357,0.73490952,0.94930127,0.86636121,0.8412428
56,1,0.99899871,0.77064243,0.75332637,0.88099964,0.81727565,0.64927785,0.78248623,0.82691414,0.76535096,0.80253283,0.64131683,0.80204073,0.72665554,0.70008464,0.62579826,0.64989091,0.83104493,0.88473221,0.79726408,0.74548946,0.6876964,0.80659971,0.73709832,0.71353121,0.78528185,0.8570908,0.84761281,0.68813974,0.79045736,0.72599392,0.9612718,0.87995418,0.85057192
56,2,0.98898586,0.76433865,0.83314868,0.90727422,0.81175481,0.69358644,0.82976719,0.84236547,0.82762007,0.85888502,0.66979352,0.88132366,0.72632587,0.66941388,0.53815533,0.74293333,0.76981457,0.80727418,0.78874901,0.75605573,0.7152526,0.89147547,0.78737264,0.76513151,0.82377485,0.82233037,0.87764123,0.69109334,0.87376866,0.70776648,0.94383057,0.87934326,0.80751197
57,0,0.94924347,0.79782897,0.9205892,0.91423889,0.85567835,0.72329472,0.83685801,0.84661846,0.87622983,0.88883677,0.72877068,0.91678846,0.70646351,0.64131401,0.45359532,0.79524848,0.79184074,0.76515588,0.77148097,0.76164702,0.69960116,0.89906726,0.79641209,0.77444808,0.87826229,0.77721352,0.93219051,0.69725518,0.96019494,0.67217012,0.87959051,0.85750286,0.72413401
57,1,0.83878066,0.81970964,0.88959936,0.8418791,0.8739832,0.72408122,0.80893904,0.7915798,0.83040054,0.85030823,0.7858608,0.87614808,0.61956567,0.51844054,0.37467604,0.69626667,0.82292876,0.77239808,0.74344766,0.77216863,0.64751027,0.82669891,0.75179831,0.72687229,0.9079604,0.70384869,0.91142319,0.70575954,0.95267762,0.60348039,0.75316867,0.82054219,0.61465077
57,2,0.73344788,0.81290692,0.73924008,0.75226693,0.85884903,0.73094523,0.76505243,0.63246804,0.80013611,0.72225945,0.81840558,0.77995736,0.54793547,0.44464664,0.30559837,0.54022626,0.8242216,0.76932854,0.70389572,0.75510004,0.67585207,0.73820641,0.67854219,0.67602197,0.86918105,0.69170546,0.8366211,0.7098844,0.84395223,0.54496764,0.52923844,0.80221459,0.51658149
58,0,0.67715338,0.81577891,0.63736507,0.7206118,0.87756921,0.7970828,0.68810201,0.46312291,0.78377406,0.65718976,0.82278135,0.6737641,0.60028022,0.51969953,0.29775557,0.5080404,0.87829345,0.74454037,0.65333069,0.67726867,0.73785352,0.77605339,0.63277889,0.72248864,0.76376503,0.75014106,0.79330909,0.69638947,0.66593869,0.52976489,0.43074965,0.81275296,0.52374463
58,1,0.70548606,0.79382522,0.61669463,0.79490168,0.86995148,0.88216788,0.63626266,0.39605199,0.74146413,0.67354597,0.77061398,0.61146941,0.7004059,0.66621879,0.30736851,0.57786667,0.88913894,0.7222462,0.63220658,0.58764737,0.72081218,0.88283113,0.61939389,0.81475652,0.66184243,0.82053181,0.73951987,0.66614045,0.53993724,0.54620262,0.44691799,0.81473845,0.58435142
58,2,0.77540299,0.76828155,0.61432053,0.8662327,0.85481731,0.92092092,0.60972099,0.38605687,0.72920474,0.70986331,0.73745385,0.59074027,0.769543,0.76356327,0.31313628,0.67242828,0.88196847,0.71884892,0.61944885,0.51408539,0.66231569,0.97041665,0.59309414,0.86896588,0.62681011,0.83018291,0.73306517,0.6450578,0.43653375,0.55255581,0.50549778,0.80717831,0.64636976
59,0,0.82601117,0.73894101,0.61417281,0.90080117,0.84538631,0.92885743,0.5910343,0.39823209,0.72764923,0.73606272,0.73205251,0.59284536,0.78083405,0.84979898,0.29127636,0.75513535,0.88751092,0.73498801,0.62733941,0.4802876,0.5939328,0.96888262,0.53480798,0.86802577,0.64630614,0.77280529,0.76325729,0.63176656,0.4331544,0.52487782,0.56115264,0.78327606,0.6509613
59,1,0.79778975,0.67988269,0.54718116,0.8522032,0.76613957,0.92042042,0.50629998,0.45098343,0.71918141,0.71730099,0.72268563,0.61346724,0.70576297,0.94349344,0.25650885,0.79319596,0.84812718,0.75671463,0.68194885,0.56724723,0.55213923,0.90389331,0.45542977,0.82822436,0.67273992,0.69302205,0.75962067,0.61541987,0.45615467,0.4759543,0.63714657,0.75578465,0.56003894
59,2,0.76792425,0.65594538,0.5233136,0.82967953,0.71105281,0.90519091,0.43417452,0.54745595,0.76406766,0.7120075,0.72254889,0.66354702,0.66039271,0.98602412,0.31128144,0.82973737,0.80527192,0.78377298,0.77825139,0.67165952,0.61058738,0.84584635,0.49881564,0.80988698,0.71999509,0.62022147,0.76588828,0.59357336,0.48633892,0.45976093,0.7412523,0.76846124,0.54981747
60,0,0.81195609,0.75187714,0.67087673,0.88162782,0.8234448,0.88195338,0.4265861,0.68315841,0.85693175,0.75931386,0.75153836,0.70294043,0.78442947,1,0.54324553,0.87749495,0.8894023,0.87585931,0.85632435,0.80122365,0.68944888,0.86476984,0.61285378,0.87294814,0.83424691,0.66502092,0.80886119,0.58155523,0.61947838,0.53465857,0.87504062,0.81809851,0.71111382
60,1,0.87219393,0.83927811,0.87218934,0.94610342,0.93663705,0.86286286,0.47488004,0.77331697,0.90651371,0.83496382,0.7791604,0.69214679,0.9514258,0.96115108,0.84505802,0.90359596,0.97614231,0.95371703,0.92835052,0.85534119,0.72359197,0.90088123,0.70467648,0.9526566,0.87253538,0.76546998,0.85403244,0.56938433,0.72060598,0.65612204,0.98412956,0.88323788,0.85430356
60,2,0.9065714,0.83772042,0.93903327,0.98789148,0.94053709,0.81352781,0.50265683,0.80953289,0.88857671,0.84166443,0.80322713,0.68475885,0.94647052,0.86200804,0.96104006,0.89527273,0.98017645,0.97801759,0.96499802,0.84031797,0.70352913,0.89999664,0.69072542,0.9777543,0.85690911,0.83710679,0.8996948,0.53714926,0.77459511,0.743627,1,0.92378771,0.90678997
61,0,0.92532387,0.79636864,0.91995611,1,0.89240962,0.72136422,0.51754043,0.78947118,0.80087498,0.80883141,0.84643785,0.66653705,0.86712408,0.70443292,1,0.83264646,0.94419239,0.97378098,0.96792228,0.78049303,0.62013536,0.86088437,0.59238004,0.94181895,0.8562546,0.82756148,0.94136975,0.50538779,0.83497511,0.7757892,0.90439822,0.92653685,0.91595684
61,1,0.84797765,0.67276356,0.75900309,0.89719592,0.73266003,0.64686115,0.46566554,0.72200712,0.64092942,0.73405253,0.84541228,0.6314611,0.65336671,0.55405205,0.89641738,0.65944242,0.82095359,0.89336531,0.91322363,0.68148446,0.55768673,0.76346759,0.41073761,0.80291539,0.83621042,0.68046739,0.91614729,0.47273514,0.85592938,0.69772817,0.70371574,0.87315769,0.80625456
61,2,0.77527937,0.55431833,0.60120498,0.77972505,0.57020574,0.66226941,0.39031455,0.71117809,0.59423488,0.61748191,0.7516751,0.69198589,0.4744612,0.50220059,0.85102058,0.46206061,0.65697834,0.76639488,0.8274088,0.64585566,0.62992507,0.73886705,0.44059915,0.62764339,0.85249121,0.52047774,0.8600311,0.50310638,0.83027391,0.6323207,0.47407106,0.80809469,0.69853979
62,0,0.72737836,0.55409928,0.58780454,0.72195011,0.56795689,0.79236379,0.43220188,0.75213543,0.71230799,0.50032163,0.72042937,0.80895939,0.41849013,0.58588658,0.86211569,0.4056404,0.61566731,0.74794564,0.79204996,0.65451947,0.73513416,0.79351003,0.652913,0.54057252,0.93029534,0.49670852,0.8291023,0.62774355,0.89082633,0.6641791,0.36440256,0.81130202,0.72036992
62,1,0.73861501,0.5868716,0.70828189,0.71209942,0.62928371,0.89296439,0.52972277,0.78209695,0.86165662,0.45840927,0.70716532,0.88428688,0.4563914,0.68854211,0.8696536,0.55683232,0.65174713,0.78273381,0.7834655,0.67476777,0.79737733,0.86816263,0.89340765,0.50791169,0.98077395,0.55515588,0.81124662,0.70550491,0.95214888,0.72599392,0.46502004,0.80985109,0.7565101
62,2,0.77717069,0.64294841,0.78137233,0.75304079,0.70460002,0.94108394,0.57044606,0.79658331,0.94730702,0.45405387,0.71085738,0.93230179,0.55178844,0.77434405,0.85491657,0.68151919,0.73202294,0.86083133,0.78005551,0.67828689,0.77175489,0.88901206,0.99843247,0.4988592,0.99460034,0.64936286,0.86124721,0.76284565,1,0.77585524,0.61033474,0.71122566,0.77774803
63,0,0.8232051,0.69852628,0.78069703,0.80848507,0.78016958,0.92163592,0.56980629,0.80049082,0.93071165,0.46770303,0.73027485,0.91595715,0.62133762,0.82902031,0.82938088,0.74029091,0.84539785,0.9352518,0.79099921,0.67187388,0.70884699,0.86782671,1,0.46746593,0.97406529,0.74405182,0.91429975,0.78927535,0.99560914,0.79923392,0.69618676,0.60124475,0.79927801
63,1,0.86436907,0.73170019,0.70978021,0.83940277,0.82226972,0.86936937,0.52873645,0.80361206,0.80782617,0.46105602,0.69984958,0.81389362,0.6437858,0.85677105,0.80191412,0.64912323,0.89816489,0.96059153,0.8195678,0.66438014,0.6613488,0.77245905,0.91561439,0.43145664,0.93831302,0.79073212,0.89267882,0.7889698,0.93261992,0.78787479,0.76985159,0.50448263,0.82128661
63,2,0.8891787,0.73692089,0.57780169,0.8686453,0.81613096,0.82990133,0.42773236,0.81738364,0.72774645,0.43547306,0.63393272,0.7002856,0.63907776,0.85427423,0.7535191,0.54972121,0.88536816,0.94836131,0.86829897,0.66217399,0.6647329,0.68501909,0.81954193,0.433696,0.85862718,0.83267504,0.88286813,0.75525793,0.8651019,0.73616431,0.87254902,0.5317373,0.84278413
64,0,0.9102675,0.73987806,0.57599738,0.8835488,0.80593008,0.82661233,0.32647947,0.85114545,0.70233327,0.43644465,0.61379051,0.63777638,0.64107636,0.82336014,0.71541458,0.51094949,0.85338233,0.91454836,0.90400476,0.67090925,0.70171622,0.7059469,0.77651311,0.49133833,0.81736071,0.87914374,0.89628036,0.71986556,0.84334303,0.67725532,0.93240169,0.56041237,0.8986777
64,1,0.92678254,0.75134168,0.59902082,0.87031136,0.80540332,0.83991134,0.40158166,0.86366615,0.70773867,0.43852184,0.60139478,0.62548102,0.62364528,0.7620292,0.64606589,0.5146101,0.80457761,0.82094325,0.92627875,0.68600393,0.73857868,0.80958939,0.79339894,0.58068026,0.8092285,0.90125547,0.89300623,0.70397719,0.85230865,0.60854577,0.95829271,0.5444979,0.92999108
64,2,0.92746242,0.775352,0.66122208,0.83827385,0.83813325,0.87244387,0.48291274,0.84249652,0.75559012,0.45671402,0.6120402,0.67348252,0.58111839,0.67504232,0.52870331,0.52726465,0.79638962,0.69998401,0.91833862,0.70860129,0.78432439,0.88745563,0.82465384,0.66575473,0.83711037,0.84680491,0.91957343,0.69929215,0.91658525,0.54756307,0.93045174,0.55003436,0.91506449
65,0,0.89641021,0.80364597,0.72787608,0.78599782,0.88249238,0.9005434,0.50582015,0.78802969,0.82348824,0.47103994,0.65652263,0.70369129,0.54213541,0.59334532,0.46957737,0.50662626,0.83641979,0.68046363,0.88318795,0.72164166,0.74649504,0.88555208,0.8115388,0.65473751,0.90444244,0.76898481,0.95865246,0.70647248,0.97699974,0.49651301,0.85657025,0.56481863,0.83199481
65,1,0.83588805,0.78898178,0.73476623,0.65400583,0.87250423,0.9049764,0.48050471,0.71796857,0.79842504,0.46204101,0.68644879,0.68996125,0.48702971,0.5326386,0.39302109,0.35351919,0.83512695,0.68502798,0.8291138,0.7350661,0.69712352,0.79427145,0.73816076,0.58045843,0.93463143,0.66569098,0.92025164,0.71777766,0.96221796,0.45405495,0.75105622,0.56513937,0.67000892
65,2,0.76725672,0.75347133,0.68984837,0.53468682,0.82416402,0.91255541,0.43009597,0.63127673,0.73186856,0.41477486,0.66724327,0.65231091,0.41543042,0.5350402,0.32648429,0.30008081,0.79440248,0.65825739,0.76721848,0.73671847,0.72014745,0.63243643,0.62176261,0.51677406,0.95655731,0.62635774,0.8530502,0.72144421,0.90224026,0.39085326,0.54847795,0.57295151,0.41272005
66,0,0.7023215,0.72773295,0.69597881,0.47988893,0.77676591,0.94680395,0.34029678,0.55854707,0.61167606,0.38784508,0.60073841,0.59301967,0.46217085,0.6118176,0.32329974,0.40200404,0.76843794,0.61090328,0.66607851,0.69784745,0.79937153,0.64549251,0.50759383,0.55600507,0.95181216,0.69088259,0.81466107,0.70122728,0.79839998,0.30630696,0.40748565,0.57962581,0.38710148
66,1,0.71789705,0.71316613,0.68832895,0.60780226,0.74301285,0.95238095,0.35322552,0.55287643,0.52986584,0.38671938,0.55585943,0.50401577,0.55441546,0.73335802,0.35643262,0.55847273,0.76106396,0.59513989,0.63041237,0.66205788,0.81508339,0.78011802,0.47113124,0.64376254,0.8751534,0.77101848,0.77352401,0.67240414,0.71421511,0.30166425,0.41608168,0.55421917,0.49839377
66,2,0.75751582,0.7015443,0.66895635,0.71423889,0.71660403,0.87895038,0.39231384,0.55703411,0.54244604,0.39644867,0.57267195,0.4633888,0.61140644,0.79005501,0.39427458,0.67351919,0.74851862,0.61814548,0.61845757,0.6464005,0.79508098,0.84656298,0.44602456,0.69583817,0.79822466,0.81066911,0.76420445,0.63752101,0.66245589,0.30379738,0.45158704,0.52452845,0.56496309
67,0,0.77415447,0.66897886,0.64053053,0.77327021,0.68233435,0.7970113,0.44826728,0.55237607,0.55424849,0.39522916,0.6374265,0.44914925,0.62804426,0.83992806,0.40316761,0.78693333,0.72608545,0.6591287,0.63792625,0.66292426,0.71579647,0.76850639,0.39214491,0.68376466,0.77648695,0.77642592,0.78863177,0.60691552,0.65266267,0.29997358,0.46281551,0.49778541,0.57438144
67,1,0.71049248,0.59143514,0.55035717,0.78912054,0.57729672,0.68952524,0.45096854,0.55259051,0.56313436,0.38417314,0.70367838,0.4251485,0.53788066,0.8888595,0.34743796,0.85373737,0.64023127,0.71733813,0.69299167,0.73947839,0.62285473,0.51157244,0.34322912,0.58441956,0.82140227,0.68255983,0.76676528,0.57605541,0.63914528,0.258592,0.44898711,0.459748,0.4295449
67,2,0.67466871,0.57885193,0.52334526,0.82113074,0.55115127,0.61885457,0.39298027,0.59664526,0.63419211,0.43130528,0.76357172,0.48217374,0.50405901,0.88445832,0.33353096,0.89882828,0.62068305,0.75213429,0.77265067,0.82278492,0.65808557,0.39420202,0.42075242,0.4859512,0.8618997,0.61509616,0.73816345,0.54529714,0.6036851,0.25268789,0.48084715,0.47282932,0.41001866
68,0,0.70020767,0.67593979,0.67544554,0.88338492,0.6755574,0.60880166,0.31885552,0.70000357,0.73685592,0.51902305,0.84424997,0.55047532,0.65073969,0.84659331,0.403337,0.95062626,0.73960042,0.82829736,0.86285686,0.90773491,0.71573604,0.41124436,0.54249761,0.50452097,0.94592162,0.66269337,0.75154059,0.52222845,0.61014494,0.35601638,0.5705774,0.54339061,0.53543441
68,1,0.78054539,0.81098414,0.8671035,0.91560452,0.85695473,0.63654369,0.30752621,0.80894914,0.82705619,0.61653042,0.91925338,0.55284858,0.85599786,0.76750952,0.51731176,0.96056566,0.88259095,0.90151878,0.93391158,0.93327974,0.76420111,0.41927285,0.66032396,0.57322277,0.96555674,0.75081112,0.82868135,0.51840913,0.59544363,0.50935808,0.67993717,0.60378007,0.67253995
68,2,0.84007862,0.83049177,0.96493727,0.88163693,0.8863215,0.60820821,0.31833126,0.82314959,0.8301575,0.64425087,0.94147409,0.54249742,0.88955165,0.63281845,0.5647836,0.87515152,0.92572154,0.93293365,0.94707573,0.9102358,0.75797679,0.38936478,0.63331011,0.58407098,0.92604107,0.82408191,0.90776319,0.4910577,0.57753537,0.57952054,0.72451522,0.62156548,0.70552446
69,0,0.87795441,0.76622492,0.97564707,0.74813365,0.81085325,0.53898184,0.33342811,0.68537425,0.79005444,0.63653176,0.9435936,0.50963382,0.82780113,0.55868599,0.54615906,0.67589495,0.87671331,0.92813749,0.91965702,0.87525009,0.70963258,0.30781462,0.52824175,0.53879793,0.91016935,0.82374101,0.97164373,0.45767683,0.55415579,0.5976093,0.68405373,0.61777778,0.67885941
69,1,0.85752077,0.6588052,0.8170787,0.51068827,0.66060557,0.44456599,0.3314466,0.48772352,0.70086525,0.59621415,0.90482702,0.412947,0.60524581,0.50609395,0.38577115,0.44159192,0.75464764,0.87298161,0.84527161,0.75068775,0.64050036,0.35884085,0.35851258,0.47087779,0.90026998,0.72375041,0.96449912,0.40553547,0.50431614,0.54638093,0.56055682,0.59858725,0.53634299
69,2,0.78636768,0.54571453,0.50005803,0.40209395,0.50222353,0.3539039,0.30365203,0.33673652,0.5919405,0.53286652,0.80603036,0.37587321,0.43299543,0.51524545,0.32624714,0.26850101,0.5739373,0.62370104,0.60773196,0.58346731,0.57836597,0.42453559,0.28740747,0.43365374,0.79948458,0.57334133,0.84543786,0.35221775,0.43616593,0.40343416,0.34136063,0.53948072,0.3321895
70,0,0.704732,0.51492583,0.31818134,0.37949745,0.47471054,0.34567425,0.27367158,0.26889125,0.49328213,0.46101581,0.73929988,0.33942961,0.38963407,0.53478629,0.3988312,0.25499798,0.52253492,0.46851319,0.34364592,0.44330118,0.55809766,0.38500901,0.28356701,0.39170804,0.63497505,0.57221282,0.74148435,0.31933595,0.39194703,0.29007397,0.27617268,0.45057656,0.25160217
70,1,0.65082328,0.49212028,0.35260042,0.32322469,0.45004407,0.33524954,0.23587169,0.19273061,0.43151857,0.39367462,0.62049774,0.41269224,0.36660898,0.58062844,0.54493097,0.3167596,0.49757592,0.33033573,0.28146312,0.33401215,0.57210539,0.32134099,0.37741008,0.34658287,0.41752434,0.58497908,0.65164466,0.28893415,0.2880263,0.19836878,0.27665475,0.3720504,0.23842784
70,2,0.66151602,0.49411607,0.40154896,0.27361617,0.46227094,0.31416416,0.27691487,0.20712167,0.4613358,0.36891584,0.51409818,0.54944289,0.4143075,0.59540838,0.59256373,0.36336162,0.51348504,0.31479616,0.33652855,0.32095391,0.60125695,0.33061238,0.44564138,0.38384916,0.41290191,0.60042554,0.65660263,0.30561186,0.27294567,0.16381588,0.32621059,0.39701413,0.2640464
71,0,0.67620154,0.56199725,0.4829118,0.339685,0.52484375,0.36302016,0.30644215,0.29862642,0.55237216,0.43240418,0.51808423,0.70035264,0.5019986,0.6140711,0.66757856,0.44116364,0.5931264,0.37151079,0.43644925,0.350393,0.65282814,0.42716696,0.50418009,0.48167318,0.57491614,0.6172944,0.71263696,0.36109895,0.36748698,0.22682605,0.40495071,0.42979,0.34081285
71,1,0.6741248,0.63146046,0.52061241,0.46001457,0.60990508,0.4501859,0.32083704,0.36705543,0.61222049,0.47915438,0.55913442,0.76707204,0.59326452,0.63520948,0.75611925,0.52094545,0.66928427,0.43792166,0.4740682,0.40305466,0.65784385,0.48169796,0.50381433,0.56624063,0.68574,0.62016269,0.7704019,0.41314865,0.45999379,0.28951261,0.49983209,0.43118748,0.41654904
71,2,0.69350771,0.67865357,0.59999156,0.53151857,0.66004842,0.52568998,0.34186956,0.46476692,0.60408322,0.56668453,0.62013538,0.80461512,0.65839412,0.65084638,0.81187431,0.60795152,0.6967691,0.50032774,0.47876685,0.3973562,0.61995407,0.53832286,0.48192981,0.6090525,0.69917369,0.63709033,0.80323671,0.43458268,0.50824722,0.3415599,0.54069982,0.37804506,0.49708769
72,0,0.69680825,0.70171468,0.64218712,0.4695284,0.68278007,0.57520378,0.35657544,0.52956243,0.52598678,0.5804476,0.65136059,0.79063032,0.69465735,0.65861193,0.83201491,0.63966061,0.69427918,0.53667466,0.45550159,0.40254555,0.61094996,0.50601857,0.51569276,0.63477342,0.63432872,0.68361781,0.80427741,0.45506442,0.48648835,0.36586316,0.50994475,0.30162658,0.56727509
72,1,0.69416288,0.72852397,0.64911947,0.37783139,0.71182269,0.59318604,0.37487116,0.54292896,0.45658176,0.56205441,0.66327772,0.73988013,0.69462645,0.67205882,0.80325231,0.62351515,0.69706836,0.55346123,0.46851705,0.40771704,0.63095238,0.44090609,0.55725856,0.63284039,0.54631433,0.72963982,0.79677031,0.44928451,0.42997046,0.34533747,0.42178529,0.28445972,0.61984262
72,2,0.71694521,0.75314276,0.69777257,0.34197924,0.75119787,0.62049192,0.41301759,0.56698157,0.42038693,0.54075985,0.66785861,0.67593623,0.70813244,0.69103893,0.7519607,0.59274343,0.7345727,0.57780975,0.52399881,0.40082172,0.63572637,0.45838512,0.58159889,0.63048484,0.46800295,0.75537217,0.80984343,0.43084993,0.42441867,0.34099194,0.36591377,0.32112257,0.63781131
73,0,0.72381824,0.76129629,0.76044865,0.34791515,0.77722176,0.65461175,0.43028257,0.60061233,0.42120358,0.57616591,0.67978258,0.60303563,0.75562492,0.67379391,0.74576099,0.57936162,0.78550822,0.59966427,0.62000397,0.3939264,0.64515349,0.50577222,0.57727946,0.6705609,0.4650904,0.76290732,0.82967528,0.4344299,0.50694836,0.35280016,0.34043982,0.38669721,0.6187069
73,1,0.71598101,0.72527473,0.76338198,0.36042425,0.73266003,0.6528886,0.40698418,0.5892353,0.40321797,0.56251675,0.68494462,0.4969094,0.71329377,0.59572577,0.75777928,0.54339394,0.76818655,0.59310951,0.60014869,0.392408,0.61934977,0.51105736,0.5269703,0.6652477,0.45462652,0.72476137,0.82486933,0.43273412,0.54294877,0.34469687,0.31444047,0.42196258,0.55366269
73,2,0.72730419,0.63978436,0.65668492,0.40268572,0.62305378,0.58321893,0.35154612,0.55673628,0.37412989,0.50613106,0.64301244,0.35865703,0.60005357,0.48427846,0.73858728,0.43326061,0.66868573,0.54436451,0.49746233,0.3785995,0.52733865,0.45523867,0.47933467,0.60369705,0.41097112,0.63819533,0.78989464,0.41118806,0.536328,0.29437327,0.28150796,0.45055365,0.34539628
74,0,0.68641218,0.51998832,0.50950165,0.40360524,0.46272678,0.47641928,0.28341923,0.49908865,0.39008361,0.38688019,0.51266238,0.28205575,0.44901512,0.43060728,0.69501143,0.32845253,0.52953781,0.47191047,0.34538065,0.34869596,0.47845661,0.39655346,0.47490203,0.52285835,0.39639205,0.58653078,0.72441212,0.3864185,0.46500534,0.22845067,0.23881486,0.41276823,0.17743977
74,1,0.56182011,0.4526791,0.40115856,0.43236526,0.38060314,0.35892321,0.217807,0.43702124,0.43559207,0.27290941,0.40248872,0.28071493,0.38535872,0.49661447,0.61402558,0.31549091,0.44298933,0.39896083,0.28749009,0.3142283,0.47026831,0.37930957,0.51173909,0.42997782,0.40075268,0.55166455,0.62344041,0.35953557,0.34948678,0.1788205,0.23118297,0.37354716,0.21754685
74,2,0.5240803,0.45923844,0.36777352,0.5195193,0.38845386,0.3039325,0.22355607,0.44790984,0.49959168,0.27397481,0.37864078,0.38760542,0.45098282,0.58154888,0.56870501,0.3781899,0.45399045,0.39794564,0.32611023,0.28412826,0.49725042,0.45457803,0.58250457,0.38955318,0.45593553,0.55046551,0.60146868,0.35896522,0.3078886,0.17757232,0.26115805,0.38206949,0.24677537
75,0,0.51179292,0.51052049,0.47341542,0.60008194,0.46882503,0.35026455,0.33104674,0.48953432,0.5678495,0.37529483,0.41426911,0.53827382,0.56619071,0.69034067,0.59028542,0.49635556,0.52789782,0.45779376,0.40106067,0.28512862,0.57273387,0.57745753,0.68051032,0.44470265,0.55083858,0.56178587,0.63558975,0.4,0.34822239,0.29058909,0.31473297,0.40988163,0.33033179
75,1,0.50550089,0.59612038,0.56670149,0.65466133,0.56991197,0.45998856,0.42022392,0.55455618,0.61629399,0.49582552,0.47556406,0.62384522,0.67857584,0.7961278,0.67155924,0.62187475,0.62683601,0.5115028,0.43232554,0.32395498,0.68642736,0.69221897,0.74399547,0.58012042,0.6412501,0.55817699,0.67921748,0.50171615,0.42891298,0.37257298,0.37777597,0.46758305,0.42660015
75,2,0.49352255,0.68077106,0.68836061,0.69242535,0.66127415,0.63951094,0.46262662,0.61751707,0.60760257,0.61251675,0.52896212,0.65838484,0.7920839,0.81858866,0.71133226,0.70801616,0.74167136,0.55318945,0.40990285,0.38116292,0.72002659,0.81861444,0.70536445,0.68764128,0.68391557,0.5857079,0.73716952,0.53068188,0.48726997,0.46030247,0.39607843,0.53160748,0.54013142
76,0,0.49861551,0.70732479,0.79366486,0.69673161,0.68550503,0.77577578,0.47931402,0.68731609,0.58124635,0.62197802,0.53425407,0.63764229,0.8576977,0.7221752,0.72439231,0.73712323,0.79374409,0.555004,0.3249207,0.36755984,0.73730964,0.87801628,0.59800575,0.76231119,0.70250348,0.68077303,0.77778038,0.49908846,0.51373004,0.52749967,0.36069765,0.58859107,0.64096698
76,1,0.55670243,0.66704392,0.80642166,0.75167516,0.63325466,0.83726584,0.46378177,0.6520294,0.59430294,0.56598767,0.48138931,0.57983937,0.83046936,0.46933982,0.70123655,0.69565253,0.74826723,0.4829976,0.30995242,0.38196677,0.72081218,0.87913601,0.5441261,0.77553607,0.6744089,0.78622984,0.77420222,0.46003463,0.45155691,0.5243627,0.30089373,0.62960672,0.66298369
76,2,0.58137609,0.62903874,0.77292056,0.80326839,0.60584297,0.81095381,0.47842545,0.5672794,0.62468404,0.52235326,0.43804184,0.56224776,0.78235876,0.4778777,0.64798001,0.6050101,0.72112956,0.5296243,0.35006939,0.45142908,0.62968335,0.81599427,0.5412697,0.72710468,0.61419455,0.84762778,0.78527579,0.38672404,0.41487833,0.484084,0.27199112,0.64907216,0.62134339
77,0,0.55927364,0.59778759,0.73228662,0.78621631,0.57795516,0.74903475,0.4527368,0.46363517,0.63282131,0.53407263,0.41908246,0.54745847,0.75026785,0.48161236,0.62902515,0.5442101,0.68153034,0.57081535,0.34644132,0.52434798,0.58312183,0.72043625,0.46804842,0.67909581,0.55231122,0.83924625,0.78424678,0.36110404,0.38246417,0.46478008,0.25837937,0.62277969,0.5756794
77,1,0.46912085,0.5257688,0.57915229,0.54610342,0.47889421,0.57480337,0.33234406,0.34506379,0.47781451,0.52321764,0.41673048,0.43252303,0.60216549,0.24730216,0.61328026,0.42845253,0.56400158,0.49883293,0.24443894,0.41953376,0.34408388,0.64290593,0.30656623,0.56036759,0.46266874,0.58168759,0.69576351,0.34044915,0.32744055,0.40293224,0.20506446,0.50792669,0.45781618
77,2,0.38270125,0.42347243,0.36909246,0.35648216,0.35005116,0.43632204,0.20063977,0.21671174,0.25569706,0.39098767,0.3805415,0.34927126,0.42829769,0.2313796,0.46708732,0.31708283,0.41823384,0.28786571,0.14985131,0.30443909,0.18550882,0.4391817,0.22515893,0.29538397,0.29907551,0.40489961,0.50710368,0.22635331,0.22993368,0.28405098,0.17242444,0.42910271,0.37705849
78,0,0.36455449,0.33453811,0.22049529,0.30374181,0.24469949,0.38282568,0.15271015,0.17680275,0.24307797,0.26487537,0.30980446,0.28530055,0.39664977,0.23967414,0.28519522,0.29278384,0.28641201,0.18402078,0.14981166,0.28019829,0.14062122,0.32869764,0.24499695,0.27397275,0.26905833,0.44907603,0.46931091,0.16494373,0.2262095,0.1593911,0.15644026,0.3741428,0.31345826
78,1,0.3654198,0.34267947,0.2302449,0.26848143,0.25854716,0.32015587,0.15825484,0.18666683,0.29108497,0.22833021,0.29472173,0.2749762,0.4163473,0.32409014,0.24047599,0.31328485,0.30089661,0.21258193,0.17103489,0.29671311,0.17549553,0.29225033,0.28593573,0.32956586,0.29500123,0.52115954,0.51118465,0.18646942,0.23292222,0.13271034,0.16901202,0.35741123,0.3140099
78,2,0.36921479,0.35285313,0.2464626,0.27440823,0.27024727,0.28777349,0.19150524,0.17656449,0.3194439,0.2304811,0.31757145,0.31222429,0.40758025,0.35958527,0.23342932,0.31793131,0.31566851,0.23798561,0.21067605,0.29446231,0.24199903,0.3175339,0.31817469,0.39382064,0.31294281,0.57586872,0.57030601,0.20982839,0.24741664,0.12665434,0.21858412,0.38381825,0.31637057
79,0,0.42207278,0.38081852,0.29373345,0.35309541,0.2981452,0.29202774,0.22886085,0.17931642,0.35696092,0.28379791,0.36158895,0.38429359,0.45319776,0.42380449,0.32533243,0.36759596,0.35032381,0.27865707,0.25570975,0.25022329,0.31266618,0.37600636,0.36483497,0.4785254,0.38888162,0.5935722,0.61939452,0.24087692,0.28833665,0.16127328,0.27313942,0.42394044,0.35100998
79,1,0.46928155,0.40530345,0.32181106,0.44994538,0.31864826,0.33572859,0.24994669,0.19630455,0.39090997,0.3434736,0.39455764,0.41056033,0.48558742,0.51775286,0.4049801,0.44114747,0.36775321,0.30943245,0.27426646,0.25788675,0.33701354,0.42521863,0.41146042,0.55681842,0.44592162,0.59760427,0.64818344,0.25211081,0.31438292,0.23594637,0.3361391,0.4305231,0.38920256
79,2,0.50236106,0.42888783,0.35611408,0.52800437,0.34305135,0.41316316,0.29172739,0.24676856,0.38122691,0.44927633,0.43958704,0.41997292,0.51046689,0.56271689,0.56580842,0.53507071,0.3759412,0.34968026,0.29384417,0.29198821,0.31105874,0.47092613,0.42034312,0.65693461,0.46144973,0.62219636,0.64509641,0.22982635,0.35010747,0.28763704,0.37099448,0.38330661,0.47233715
80,0,0.5103837,0.42499361,0.39168329,0.48972141,0.33394451,0.4487559,0.29655234,0.27422833,0.35200272,0.46806486,0.45650896,0.39211059,0.48728726,0.56482226,0.65077496,0.58033131,0.35937369,0.36252598,0.28098731,0.30065202,0.28373822,0.39403406,0.41341984,0.70660188,0.41847337,0.65984859,0.59860382,0.24161532,0.3338774,0.3159226,0.34897628,0.30664376,0.52776831
80,1,0.45973843,0.43098098,0.41252255,0.40775674,0.33062188,0.4502288,0.2858006,0.25444062,0.31317325,0.43779818,0.44540544,0.35684692,0.44045411,0.54517562,0.6436436,0.59339798,0.34729521,0.34748201,0.29269429,0.28719185,0.28146,0.3267717,0.3910128,0.71430231,0.37266628,0.71411106,0.54054655,0.25690788,0.29627927,0.29366002,0.30112664,0.29980145,0.5434899
80,2,0.41481655,0.47100629,0.46487924,0.38506009,0.36650222,0.4974975,0.29583259,0.2307454,0.31268715,0.41760252,0.43988787,0.32972205,0.46651832,0.52394202,0.62424833,0.58942222,0.37673127,0.34034373,0.33670698,0.28069846,0.31626783,0.36727244,0.38564835,0.68089152,0.35224577,0.75025862,0.5186099,0.28397922,0.29987701,0.28700304,0.27930885,0.3318824,0.53551554
81,0,0.42338311,0.51973276,0.51037743,0.3934268,0.42008975,0.53803089,0.29874711,0.28495014,0.33912114,0.42483248,0.4481403,0.34268782,0.52786706,0.49491113,0.63598713,0.5808404,0.42779846,0.33980815,0.40568993,0.30850304,0.36702925,0.42594645,0.38241749,0.668818,0.40244621,0.78597122,0.5299641,0.32705607,0.34367062,0.29710738,0.27039324,0.36672776,0.51501582
81,1,0.44376731,0.50907232,0.49890792,0.37439913,0.41707102,0.51210496,0.27109472,0.3330911,0.32393545,0.41879523,0.45336387,0.32677223,0.50025755,0.48542107,0.60715677,0.54285253,0.43451405,0.33284572,0.38994845,0.33062701,0.38420957,0.44361584,0.30834277,0.64227316,0.42691647,0.75486669,0.51865667,0.32712227,0.36788929,0.2977678,0.27228361,0.38238259,0.46977367
81,2,0.42245599,0.42622273,0.40897724,0.34292607,0.35008155,0.44323609,0.23714235,0.29972242,0.29100719,0.36433932,0.41809791,0.28456309,0.37799275,0.45065595,0.49561277,0.44937374,0.37837126,0.29916867,0.3227498,0.32606288,0.3290307,0.3615842,0.27310807,0.57808176,0.36803567,0.69208163,0.47833815,0.29984213,0.36182025,0.26073174,0.26230636,0.38849943,0.2886347
82,0,0.30563934,0.2820026,0.30027539,0.29773307,0.21019683,0.33180323,0.13831527,0.16328135,0.25910947,0.26372956,0.2949747,0.24740886,0.22037129,0.37224926,0.24382146,0.34118788,0.25963346,0.23804157,0.20573949,0.2901304,0.22884336,0.30478014,0.24722633,0.46862787,0.30059723,0.60117788,0.38391469,0.22440291,0.31950942,0.169753,0.21687791,0.36254296,0.13021822
82,1,0.23818236,0.23421318,0.27802222,0.25386926,0.170538,0.25999571,0.13644038,0.15862332,0.22178689,0.23770437,0.2194585,0.25097545,0.22956072,0.30421075,0.2769967,0.26418586,0.20781211,0.20203837,0.20107058,0.24655234,0.15464104,0.2902684,0.24314204,0.30556671,0.26455044,0.56250294,0.32197523,0.17503692,0.26720997,0.099399023,0.13852237,0.32949217,0.16909224
82,2,0.20736501,0.22969832,0.29329028,0.17886016,0.16794473,0.21089661,0.1437711,0.14937873,0.2104511,0.25378585,0.20566799,0.27598182,0.24430296,0.33618282,0.27670026,0.22932525,0.20633971,0.18199041,0.23933386,0.21694355,0.17878293,0.25183916,0.22724027,0.27452202,0.27673239,0.56996756,0.33417135,0.17473647,0.24008322,0.08691058,0.099252519,0.30429935,0.18980287
83,0,0.21292771,0.18287029,0.32817364,0.19552986,0.13550858,0.21748892,0.15224809,0.12289584,0.19848338,0.21478156,0.21876795,0.3091404,0.18898092,0.27150868,0.2277039,0.16757172,0.18055472,0.19543565,0.27477201,0.17060557,0.21021271,0.18598766,0.1690499,0.29218337,0.27768142,0.38994687,0.31567254,0.1730305,0.21812894,0.085781271,0.14261727,0.27676212,0.1709175
83,1,0.19558445,0.18266341,0.33081152,0.23302986,0.16014466,0.26560132,0.16221788,0.13863309,0.17898114,0.28105736,0.20538083,0.30774594,0.18652903,0.26072789,0.14980097,0.17273535,0.19483582,0.18438849,0.17817209,0.13859414,0.20828499,0.21579495,0.17662632,0.29142284,0.27224086,0.31397235,0.24898561,0.15921984,0.21049667,0.10690794,0.15890478,0.2734097,0.15311106
83,2,0.13678056,0.22362577,0.28447976,0.12875091,0.16710394,0.27757043,0.098196197,0.07815966,0.17517986,0.23399223,0.17791604,0.14632413,0.19267936,0.17371985,0.16322521,0.15103838,0.18529514,0.15370104,0.23778747,0.1583512,0.13346024,0.27527517,0.12280763,0.30158445,0.24730426,0.26702168,0.20836305,0.14369303,0.19948505,0.11820763,0.13555411,0.15011837,0.094556664
