,,pid1263-18,pid50848-02,pid9048-18,pid9049-18,pid9050-18,pid9054-18,pid9055-18,pid9058-18,pid9059-18,pid9060-18,pid9061-18,pid9062-18,pid9063-18,pid9065-13,pid9066-18,pid9067-18,pid9068-12,pid9070b-01,pid9072-18,pid9073-20,pid9074f-18,pid9075-18,pid9081-09,pid9085-13,pid9088-13,pid9092-08,pid9093-18,pid9094-18,pid9099-18,pid9100b-18,pid9101-18,pid9104-18,pid9105b-01,pid9111-18,pid9118-18,pid9122-02,pid9123-01,pid9138-18,pid9139-18,pid9153-18,pid9166f-15,pid9170-18,pid9174-18,pid9186c-18,pid9192-18
1,2,0.744036,0.224036,1.744036,1.484036,0.624036,1.004036,1.504036,0.284036,0.318073,0.324036,0.678073,0.984036,1.724036,0.704036,1.004036,0.584036,0.184036,0.564036,0.404036,1.124036,1.764036,0.658073,0.964036,0.784036,0.584036,2.178073,1.064036,1.064036,0.324036,1.144036,0.444036,0.444036,2.084036,0.204036,2.144036,0.604036,2.044036,0.504036,0.704036,0.504036,0.624036,0.324036,0.284036,1.104036,0.397018
2,0,1.426122,0.906122,2.626122,1.837015,1.306122,1.866122,2.286122,0.966122,1.166122,1.006122,1.346122,1.666122,2.406122,1.406122,1.826122,1.226122,1.046122,1.206122,1.106122,1.806122,2.446122,1.346122,1.666122,1.646122,1.486122,2.866122,1.766122,1.926122,1.086122,1.826122,1.366122,1.146122,3.006122,0.886122,2.806122,1.186122,2.746122,1.506122,1.426122,1.866122,1.196451,1.026122,0.906122,2.286122,1.006122
2,1,2.213696,1.953696,3.413696,2.233696,1.973696,2.533696,2.953696,2.001848,1.793696,1.793696,2.113696,2.853696,3.213696,2.113696,2.273696,1.821848,1.813696,1.791232,2.293696,2.453696,2.911848,2.053696,2.533696,2.293696,2.393696,3.691232,2.433696,2.793696,1.833696,3.053696,2.853696,2.437392,3.653696,1.553696,3.418739,1.873696,3.421848,2.333696,2.313696,3.553696,1.641848,2.033696,1.453696,3.013696,1.561848
2,2,2.699864,2.399864,3.979864,2.699864,2.459864,2.979864,3.379864,2.459864,2.319864,2.299864,2.679864,3.359864,3.719864,2.539864,3.159864,2.199864,2.349728,2.179864,2.979864,2.959864,3.339864,2.619864,3.119864,2.859864,2.899864,4.079864,2.874932,3.479864,2.339864,3.599864,3.479864,2.999864,4.079864,2.019864,3.819864,2.439864,3.859864,2.939864,2.859864,4.819864,2.119864,2.759864,1.979864,3.459864,2.019864
3,0,3.244263,2.824263,4.464263,3.184263,2.924263,3.364263,3.784263,2.884263,2.867052,2.724263,3.144263,3.895578,4.178526,2.964263,3.584263,2.544263,2.824263,2.544263,3.564263,3.404263,3.704263,3.184263,3.604263,3.364263,3.304263,4.524263,3.361315,4.004263,2.784263,4.044263,4.032789,3.518526,4.538526,2.478526,4.184263,2.844263,4.324263,3.575578,3.418526,5.518526,2.544263,3.427052,2.284263,3.924263,2.424263
3,1,3.650612,3.290612,4.910612,3.590612,3.330612,3.750612,4.130612,3.350612,3.350612,3.110612,3.550612,4.410612,4.590612,3.370612,3.990612,2.790612,3.190612,2.910612,4.030612,3.830612,4.070612,3.610612,4.050612,3.830612,3.770612,5.050612,3.650612,4.470612,3.190612,4.470612,4.490612,3.950612,4.970612,2.950612,4.530612,3.250612,4.730612,4.030612,3.830612,6.130612,3.030087,4.050612,2.636871,4.390612,2.870612
3,2,4.329161,3.929161,5.549161,4.189161,3.969161,4.389161,4.829161,3.989161,3.949161,3.849161,4.289161,5.069161,5.229161,3.976387,4.709161,3.376387,3.769161,3.489161,4.709161,4.449161,4.529161,4.194895,4.671916,4.44958,4.489161,5.709161,4.189161,5.369161,4.009161,5.249161,5.309161,4.669161,5.589161,3.689161,5.189161,3.829161,5.29958,4.729161,4.569161,6.849161,3.549161,4.709161,3.21979,5.011916,3.529161
4,0,4.782574,4.395147,6.095147,4.655147,4.535147,4.795147,5.432574,4.455147,4.435147,4.255147,4.812574,5.515147,5.675147,4.315147,5.215147,3.715147,4.255147,3.992574,5.295147,5.015147,4.895147,4.655147,5.055147,4.996287,4.955147,6.055147,4.715147,6.055147,4.475147,5.875147,5.835147,5.255147,6.235147,4.355147,5.671287,4.295147,5.652574,5.195147,5.135147,7.595147,3.995147,5.275147,3.755147,5.395147,3.955147
4,1,5.241882,4.781882,6.701882,5.121882,5.001882,5.341882,5.901882,4.841882,4.941882,4.741882,5.301882,6.021882,6.181882,4.741882,5.641882,4.081882,4.701882,4.281882,5.801882,5.481882,5.261882,5.081882,5.601882,5.421882,5.501882,6.521882,5.021882,6.701882,4.981882,6.281882,6.305941,5.721882,6.701882,5.161882,6.101882,5.001882,6.081882,5.641882,5.761882,8.261882,4.501882,5.881882,4.241882,6.061882,4.461882
4,2,5.759864,5.339864,7.239864,5.619864,5.659864,5.939864,6.319864,5.399864,5.459864,5.379864,5.779864,6.639864,6.719864,5.119864,6.079864,4.399864,5.159864,4.759864,6.339864,6.159864,5.739864,5.479864,6.239864,5.959864,6.039864,6.959864,5.464932,7.199864,5.479864,6.759864,6.739864,6.199864,7.159864,5.839864,6.519864,5.499864,6.439864,6.299864,6.399864,8.879864,5.079864,6.379864,4.719864,6.779864,4.979864
5,0,6.166247,5.742494,7.882494,6.040831,6.102494,6.372082,6.722494,5.782494,5.942494,5.822494,6.242494,7.082494,7.182494,5.476247,6.476247,4.682494,5.582494,5.083249,6.822494,6.602494,6.182494,5.942494,6.642494,6.442494,6.362494,7.338055,5.902494,7.662494,6.038055,7.242494,7.202494,6.662494,7.542494,6.382494,6.798124,5.982494,6.822494,6.762494,6.942494,9.582494,5.622494,6.902494,5.162494,7.302494,5.402494
5,1,6.572381,6.12119,8.312381,6.412381,6.552381,6.73119,7.072381,6.18119,6.392381,6.192381,6.592381,7.492381,7.672381,5.912381,7.112381,5.172381,5.992381,5.472381,7.472381,7.052381,6.632381,6.332381,7.092381,6.872381,6.772381,7.692381,6.352381,8.132381,6.412381,7.692381,7.692381,7.172381,7.972381,6.872381,7.212381,6.45119,7.252381,7.212381,7.472381,10.232381,6.112381,7.612381,5.532381,7.832381,5.912381
5,2,7.341542,6.641542,9.072885,7.121542,7.321542,7.253943,7.841542,6.821542,7.121542,6.961542,7.361542,7.982676,8.261542,6.661542,7.881542,5.812543,6.761542,6.201542,8.241542,7.821542,7.401542,7.101542,7.841542,7.621542,7.541542,8.101542,7.121542,8.901542,7.181542,8.461542,8.461542,7.941542,8.741542,7.641542,7.981542,7.201542,7.990577,7.981542,8.241542,11.001542,6.881542,8.561542,6.301542,8.841542,6.621542
6,0,7.672472,7.151236,9.792472,7.601236,8.112472,7.732472,8.552472,7.212472,7.637491,7.172472,7.892472,8.611236,8.912472,6.761236,8.332472,5.972472,7.192472,6.672472,8.872472,8.612472,7.812472,7.612472,8.072472,8.261236,8.141236,8.732472,7.711236,9.312472,7.572472,9.132472,9.252472,8.712472,9.412472,8.592472,8.372472,7.552472,8.081236,8.292472,8.972472,11.672472,7.192472,9.352472,6.992472,9.632472,7.392472
6,1,8.200227,7.580227,10.500227,8.040227,8.700227,8.280227,9.180227,7.640227,8.086742,7.660227,8.660227,9.120227,9.540227,7.220227,8.740227,6.315113,7.700227,7.160227,9.500227,9.200227,8.240227,8.200227,8.600227,8.880227,8.720227,9.160227,8.260227,9.940227,8.080227,9.780227,9.940227,9.240227,9.875113,9.280227,8.800227,8.160227,8.540227,9.040227,9.620227,12.560227,7.700227,10.100227,7.500227,10.120227,8.040227
6,2,8.566576,7.926576,11.026576,8.366576,9.106576,8.666576,9.586576,7.986576,8.526576,8.046576,9.126576,9.566576,10.026576,7.566576,9.466576,6.646576,8.106576,7.506576,9.966576,9.606576,8.626576,8.606576,9.086576,9.346576,9.106576,9.486576,8.658288,10.386576,8.446576,10.158288,10.406576,9.646576,10.286576,9.766576,9.086576,8.606576,8.878288,9.506576,10.086576,13.186576,8.146576,10.726576,7.906576,10.506576,8.486576
7,0,9.032925,8.272925,11.452925,8.812925,9.512925,9.012925,9.992925,8.312925,8.992925,8.412925,9.532925,9.972925,10.452925,7.972925,9.872925,7.032925,8.512925,7.812925,10.432925,9.992925,9.032925,9.01585,9.472925,9.732925,9.412925,9.932925,8.992925,10.852925,8.852925,10.552925,10.912925,10.092925,10.692925,10.192925,9.432925,9.012925,9.292925,9.93585,10.612925,13.732925,8.572925,11.252925,8.212925,10.912925,8.932925
7,1,9.350068,8.650068,11.910068,9.270034,9.970068,9.390068,10.410068,8.710068,9.410068,8.870068,9.950068,10.370068,10.890068,8.370068,10.230068,7.390068,8.970068,8.180034,10.890068,10.470068,9.390068,9.410068,9.890068,10.230068,9.870068,10.390023,9.330068,11.390068,9.350068,10.910068,11.270068,10.610068,11.150068,10.730068,9.770068,9.470068,9.690068,10.370068,11.150068,14.250068,9.130068,12.010068,8.550068,11.270068,9.390068
7,2,9.88898,9.04898,12.36898,9.66898,10.44898,9.86898,10.82898,9.08898,9.967959,9.42898,10.52898,10.82898,11.40898,8.78898,10.70898,7.78898,9.40966,8.58898,11.42898,10.92898,9.82898,9.88898,10.26966,10.78898,10.32898,10.82898,9.82898,11.92898,9.92898,11.38898,11.74898,11.28898,11.76898,11.44898,10.16898,9.96898,10.10898,10.84898,11.80898,14.80898,9.56898,12.70898,8.98898,11.68898,9.96898
8,0,10.333379,9.493379,12.913379,10.133379,10.913379,10.313379,11.293379,9.553379,10.553379,9.873379,11.073379,11.273379,11.873379,9.173379,11.073379,8.153379,9.853379,9.051689,11.893379,11.396757,10.253379,10.493379,10.713379,11.293379,10.673379,11.213379,10.253379,12.373379,10.413379,11.953379,12.276757,11.713379,12.213379,12.153379,10.593379,10.493379,10.493379,11.293379,12.453379,15.313379,10.013379,13.213379,9.293379,12.093379,10.413379
8,1,10.759365,9.939365,13.599365,10.579365,11.479365,10.799365,11.979365,9.959365,11.099365,10.379365,11.679365,11.759365,12.439365,9.679365,11.499365,8.559365,10.259365,9.439365,12.499365,11.979365,10.619365,10.999365,11.239365,11.819365,11.219365,11.759365,10.699365,12.979365,10.959365,12.719365,12.879365,12.179365,12.719365,12.879365,11.139365,11.339365,10.999365,11.739365,13.159365,16.099365,10.619365,13.879365,9.659365,12.719365,10.899365
8,2,11.426939,10.526939,14.446939,11.195646,12.146939,11.286939,12.546939,10.566939,11.786939,11.006939,12.346939,12.338469,13.106939,10.186939,11.966939,9.086939,10.786939,10.046939,13.206939,12.646939,11.246939,11.626939,11.806939,12.318469,11.846939,12.286939,11.226939,13.626939,11.626939,13.446939,13.606939,12.786939,13.386939,13.946939,11.646939,12.026939,11.506939,12.326939,13.826939,16.946939,11.246939,14.586939,10.046939,13.326939,11.426939
9,0,11.90195,10.96195,15.20195,11.72195,12.74195,11.82195,12.98195,11.02195,12.52195,11.50195,12.90195,12.86195,13.68195,10.655975,12.82195,9.52195,11.332988,10.50195,13.94195,13.24195,11.74195,12.20195,12.36195,12.94195,12.295975,12.835975,11.775975,14.175975,12.18195,13.98195,14.28195,13.3339,13.92195,15.12195,12.16195,12.82195,11.98195,12.78195,14.40195,17.88195,11.90195,15.28195,10.42195,13.96195,11.96195
9,1,12.576961,11.356961,15.796961,12.256961,13.336961,12.416961,13.516961,11.416961,13.236961,11.936961,13.576961,13.436961,14.376961,11.096961,13.356961,9.956961,11.818987,10.936961,14.576961,13.836961,12.256961,12.756961,12.956961,13.556961,12.863481,13.256961,12.296961,14.756961,12.736961,14.536961,15.296961,13.976961,14.396961,15.856961,12.696961,13.356961,12.396961,13.296961,14.976961,18.716961,12.516961,16.036961,10.856961,14.716961,12.496961
9,2,13.169841,11.909841,16.369841,12.929841,14.069841,12.989841,14.189841,11.969841,13.969841,12.469921,14.509841,14.029841,15.309841,11.589841,13.889841,10.449841,12.409841,11.629841,15.289841,14.569683,12.769841,13.249841,13.629841,14.289841,13.569921,13.849841,12.809841,15.529841,13.369841,15.196614,16.209841,14.709841,15.089841,16.669841,13.249921,13.849921,12.909841,13.949841,15.729841,19.509841,13.069841,16.636614,11.329841,15.569841,13.109841
10,0,13.722358,12.622358,17.242358,13.562358,14.962358,13.762358,14.862358,12.662358,14.662358,13.082358,15.342358,14.776179,16.162358,12.122358,14.802358,11.028472,12.982358,12.102358,16.382358,15.442358,13.142358,13.802358,14.262358,14.942358,14.302358,14.542358,13.802358,16.382358,14.234717,16.002358,17.262358,15.302358,15.582358,17.982358,13.842358,14.542358,13.462358,14.622358,16.722358,20.562358,13.762358,17.422358,11.882358,16.462358,13.982358
10,1,14.496825,13.396825,18.370476,14.456825,15.796825,14.676825,15.796825,13.456825,15.476825,14.256825,16.356825,15.716825,17.576825,13.016825,15.656825,11.563413,13.576825,12.916825,17.636825,16.296825,13.836825,14.476825,15.156825,15.936825,15.356825,15.238942,14.836825,17.236825,15.116825,17.076825,18.276825,16.056825,16.216825,19.716825,14.876825,15.436825,14.316825,15.596825,17.936825,21.836825,14.636825,18.436825,12.473413,17.876825,14.876825
10,2,14.9122,13.8322,18.9322,14.9722,16.2322,15.0922,16.2522,13.8722,16.0122,14.8122,16.8522,16.2122,18.1322,13.4711,16.2322,11.9122,13.9322,13.3522,18.3322,16.7322,14.2211,14.8922,15.8322,16.4722,15.8711,15.6522,15.2722,17.9122,15.7522,17.5122,18.7722,16.5322,16.6122,20.3322,15.2522,15.8922,14.7911,16.1122,18.5122,22.8522,15.1511,19.0722,12.8811,18.3322,15.3322
11,0,15.325805,14.205805,19.385805,15.425805,16.645805,15.427902,16.605805,14.265805,16.465805,15.265805,17.265805,16.665805,18.565805,13.847902,16.587902,12.265805,14.325805,13.685805,18.805805,17.145805,14.625805,15.305805,16.285805,16.905805,16.267902,16.065805,15.685805,18.365805,16.125805,17.925805,19.225805,16.945805,17.005805,20.845805,15.545805,16.285805,15.165805,16.605805,18.985805,23.425805,15.565805,19.605805,13.205805,18.965805,15.745805
11,1,15.701179,14.701179,19.852358,15.881179,17.081179,15.821179,16.941179,14.761179,16.952795,15.701179,17.661179,17.241179,19.081179,14.281179,17.021179,12.641179,14.701179,14.081179,19.361179,17.581179,15.061179,15.681179,16.741179,17.341179,16.841179,16.621179,16.061179,18.941179,16.641179,18.421179,19.741179,17.461179,17.401179,21.281179,15.901179,16.741179,15.581179,17.121179,19.621179,24.001179,16.161179,20.281179,13.541179,19.621179,16.241179
11,2,16.434059,15.194059,20.505781,16.434059,17.814059,16.229004,17.674059,15.254059,17.594059,16.354059,18.414059,17.974059,19.714059,14.726892,17.574059,13.294003,15.434059,14.791094,20.094059,18.314059,15.800507,16.355824,17.474059,17.974059,17.634059,17.274059,16.574059,19.694059,17.334059,19.154059,20.454059,18.134059,17.854059,21.954576,16.394059,17.334059,16.026892,17.854059,20.374059,24.894059,16.851266,20.954059,14.234059,20.314059,16.974059
12,0,16.701485,15.612971,20.912971,16.811485,18.292971,16.675743,18.090594,15.652971,17.991485,16.812971,18.877657,18.361485,20.092971,15.092971,17.892971,13.437657,15.691485,14.872971,20.572971,18.792971,16.091485,16.551485,17.732971,18.372971,18.112971,17.492971,16.912871,20.172971,17.692971,19.632971,20.872971,18.591485,18.192971,22.152971,16.830424,17.721485,16.401485,18.332971,20.852971,25.452971,16.992971,21.432971,14.632971,20.752971,17.411485
12,1,17.152438,16.144626,21.304626,17.267313,18.764626,17.104626,18.464626,16.184626,18.424626,17.224626,19.344626,18.804626,20.564626,15.477313,18.244626,13.784626,16.084626,15.164626,21.064626,19.264626,16.504626,16.927313,18.244626,18.804626,18.644626,17.917313,17.244626,20.864626,18.164626,20.064626,21.257313,19.024626,18.624626,22.584626,17.184626,18.364626,16.784626,18.744626,21.404626,25.964626,17.524626,21.944626,15.044626,21.304626,17.884626
12,2,17.686712,16.746712,21.826712,17.726712,19.446712,17.786712,18.826712,16.806712,19.006712,17.686712,19.866712,19.286712,21.146712,15.826712,18.746712,14.146712,16.546712,15.646712,21.566712,19.946712,17.046712,17.486712,18.886712,19.226712,19.206712,18.346712,17.706712,21.326712,18.686712,20.526712,21.726712,19.546712,19.226712,23.226712,17.586712,18.886712,17.146712,19.366712,21.926712,26.686712,18.106712,22.446712,15.506712,21.986712,18.346712
13,0,18.053209,17.136417,22.496417,18.176417,19.976417,17.983868,19.216417,17.196417,19.436417,18.076417,20.400642,19.702834,21.636417,16.14107,19.102642,14.533209,16.916417,16.093209,22.159283,20.476417,17.596417,17.913209,19.256417,19.598806,19.616417,18.740458,18.196417,21.816417,19.141824,21.156417,22.176417,20.016417,19.616417,23.736417,17.934403,19.336417,17.483283,19.856417,22.462834,27.383302,18.662834,22.976417,15.897736,22.596417,18.776417
13,1,18.450023,17.470023,22.970023,18.630023,20.390023,18.330023,19.530023,17.530011,19.910023,18.470023,20.730023,20.130023,22.190023,16.590023,19.450023,14.870023,17.330023,16.390023,22.670023,20.890023,18.030023,18.310023,19.670023,20.190023,20.150023,19.030023,18.550023,22.270023,19.490023,21.510023,22.650023,20.490023,20.030023,24.210023,18.270023,19.790023,17.910023,20.250023,23.030023,27.850023,19.170023,23.650023,16.250023,23.130023,19.290023
13,2,18.953916,17.817415,23.717415,19.377415,21.137415,19.077415,20.277415,17.86761,20.657415,18.921824,21.477415,20.857415,22.937415,17.02129,20.197415,15.573161,18.077415,17.137415,23.417415,21.637415,18.777415,19.057415,20.413707,20.937415,20.837415,19.268836,19.297415,22.717415,19.857415,22.287075,23.397415,21.237415,20.777415,24.957415,19.017415,20.537415,18.32158,20.997415,23.777415,28.597415,19.917415,24.397415,16.779138,24.097415,20.157415
14,0,19.517732,18.397732,24.257732,19.657732,21.797732,19.299244,20.937732,18.463866,21.059244,19.377732,21.917732,21.257732,23.337732,17.437732,20.857732,15.633866,18.517732,17.657732,24.023866,22.297732,19.317732,19.603866,20.597732,21.451933,21.457732,19.857732,19.777732,23.294622,20.477732,22.992577,23.957732,21.897732,21.223866,25.677732,19.277732,20.857732,18.737732,21.277732,24.413866,29.173866,20.317732,25.117732,17.337732,24.757732,20.817732
14,1,20.034331,18.794331,25.014331,20.154331,22.494331,19.794331,21.594331,18.894331,21.534331,20.014331,22.794331,21.934331,23.876083,17.934331,21.234331,15.954331,18.994331,18.294331,24.514331,22.994331,19.814331,20.134331,21.094331,22.074331,22.154331,20.334331,20.314331,23.914331,20.974331,23.614331,24.594331,22.434331,21.674331,26.654331,19.854331,21.394331,19.194331,21.934331,24.974331,29.978662,20.954331,25.814331,17.794331,25.294331,21.474331
14,2,20.424036,19.224036,25.678073,20.464036,23.024036,20.244036,22.084036,19.284036,21.944036,20.524036,23.344036,22.544036,24.344036,18.264036,21.924036,16.344036,19.424036,18.694679,24.964036,23.504036,20.284036,20.564036,21.604036,22.644036,22.604036,20.717018,20.724036,24.504036,21.364036,24.084036,25.124036,22.904036,22.084036,27.224036,20.277018,21.864036,19.554679,22.324036,25.524036,30.644036,21.504036,26.504036,18.184036,25.704036,21.924036
15,0,20.852154,19.552154,26.172154,20.872154,23.452154,20.572154,22.432154,19.592154,22.372154,20.912154,23.752154,22.951077,24.732154,18.632154,22.324051,16.652154,19.792154,18.952154,25.392154,23.932154,20.672154,20.932154,21.972154,23.032154,22.864051,21.152154,21.064051,24.952154,21.792154,24.432154,25.572154,23.512154,22.432154,27.652154,20.644051,22.232154,19.932154,22.732154,26.032154,31.132154,21.932154,27.012154,18.487026,26.112154,22.332154
15,1,21.253364,19.940091,26.680091,21.380091,23.960091,20.960091,22.840091,19.960091,22.800091,21.340091,24.180091,23.375045,25.200091,19.020091,22.660091,17.140091,20.140091,19.340091,25.860091,24.440091,21.040091,21.340091,22.375045,23.540091,23.313364,21.593364,21.415045,25.520091,22.300091,24.800091,25.980091,24.000091,22.960091,28.200091,20.980091,22.660091,20.320091,23.140091,26.560091,31.640091,22.460091,27.740091,18.800091,26.520091,22.800091
15,2,21.744308,20.304308,27.124308,21.758577,24.504308,21.353577,23.304308,20.364308,23.344308,21.884308,24.724308,23.804308,25.744308,19.404308,23.124308,17.544308,20.657154,19.744308,26.424308,24.984308,21.484308,21.824308,22.764308,24.044308,23.772862,21.997154,21.873577,26.104308,22.784308,25.324308,26.464308,24.644308,23.457154,28.784308,21.384308,23.224308,20.694769,23.684308,27.204308,32.124308,22.904308,28.378617,19.224308,26.917154,23.384308
16,0,22.254195,20.722098,27.634195,22.174195,24.954195,21.754195,23.734195,20.774195,23.914195,22.274195,25.234195,24.234195,26.194195,19.754195,23.474195,17.874195,21.054195,20.134195,26.914195,25.434195,21.874195,22.274195,23.214195,24.574195,24.118065,22.374195,22.274195,26.554195,23.214195,25.894195,26.934195,25.074195,23.834195,29.234195,21.834195,23.674195,21.054195,24.034195,27.774195,32.614195,23.354195,28.914195,19.474195,27.274195,23.794195
16,1,22.703719,21.136859,28.183719,22.643719,25.563719,22.203719,24.463719,21.183719,24.483719,22.803719,25.863719,24.763719,26.763719,20.243719,23.923719,18.363719,21.463719,20.503719,27.543719,26.063719,22.303719,22.803719,23.683719,25.10843,24.723719,22.923719,22.743719,27.243719,23.803719,26.783719,27.523719,25.603719,24.403719,29.943719,22.323719,24.423719,21.543719,24.463719,28.463719,33.383719,24.023719,29.583719,19.916744,27.923719,24.283719
16,2,23.344036,21.664036,28.764036,23.233509,26.224036,22.704036,25.044036,21.724036,25.224036,23.484036,26.577018,25.364036,27.524036,20.784036,24.484036,18.924036,22.024036,21.004036,28.264036,26.724036,22.984036,23.404036,24.204036,25.624036,25.464036,23.584036,23.437018,28.017018,24.364036,27.444036,28.264036,26.264036,25.104036,30.804036,22.864036,25.084036,22.064036,25.024036,29.144036,34.144036,24.804036,30.284036,20.237018,28.584036,24.764036
17,0,23.81161,22.11161,29.71161,23.83161,26.89161,23.25161,25.59161,22.17161,25.91161,23.95161,27.15161,26.03161,28.15161,21.31161,25.27161,19.37161,22.53161,21.49161,28.95161,27.37161,23.63161,23.91161,24.73161,26.23161,25.95161,24.19161,23.950537,28.59161,24.97161,27.91161,28.97161,26.91161,25.59161,31.93161,23.49161,25.71161,22.61161,25.45161,29.81161,34.91161,25.49161,31.11161,20.59161,29.37161,25.35161
17,1,24.515465,22.695465,30.415465,24.335465,27.595465,23.915465,26.055465,22.755465,26.535465,24.512732,27.995465,26.835465,28.855465,21.875465,26.155465,19.805066,23.058488,22.015465,29.695465,28.095465,24.275465,24.472732,25.355465,26.955465,26.775465,24.775465,24.595465,29.315465,25.74093,28.515465,29.955465,27.715465,26.255465,33.315465,24.195465,26.332732,23.175465,25.955465,30.595465,35.635465,26.235465,31.875465,21.155465,30.315465,25.995465
17,2,25.25737,23.41737,31.41737,25.11737,28.35737,24.85737,27.01737,23.473685,27.35737,25.25737,29.01737,28.09737,29.61737,22.83737,26.95737,20.33737,23.77737,22.93737,30.55737,28.83737,24.85737,25.21737,26.19737,27.65737,27.65737,25.49737,25.53737,30.23737,26.65737,29.29737,31.23737,28.79737,27.47737,34.43737,25.01737,27.03737,24.13737,26.59737,31.57737,36.51737,26.89737,32.91737,21.91737,31.57737,26.77737
18,0,26.318912,24.158912,32.558912,26.258912,29.278912,25.978912,27.978912,24.198912,28.398912,25.924324,29.947228,29.198912,30.458912,23.858912,27.698912,21.178912,24.634456,23.598912,31.178912,29.778912,25.778912,26.278912,27.178912,28.778912,28.798912,26.958912,26.658912,31.198912,27.638912,30.018912,32.278912,30.267823,28.138912,35.778912,25.738912,28.038912,25.138912,27.678912,32.498912,37.598912,27.758912,33.724456,22.878912,32.434456,27.618912
18,1,26.791791,24.771791,33.451791,26.951791,30.011791,26.791791,28.951791,24.831791,29.111791,27.011791,30.751791,30.431791,31.271791,24.711791,28.411791,22.010597,25.231791,24.031791,31.711791,30.511791,26.471791,27.051791,27.991791,29.491791,29.631791,28.091791,27.271791,31.931791,28.380896,30.731791,32.971791,31.071791,28.811791,36.370896,26.251791,28.971791,26.011791,28.251791,33.091791,38.571791,28.531791,34.491791,23.531791,32.971791,28.131791
18,2,27.472472,25.172472,33.952472,27.452472,30.512472,27.292472,29.452472,25.232472,29.592472,27.235679,31.312472,31.132472,31.772472,25.332472,28.762494,22.392472,25.712472,24.472472,32.192472,31.012472,26.972472,27.572472,28.412472,30.132472,30.072472,28.712472,27.952472,32.292472,28.792472,31.184157,33.532472,31.632472,29.397415,36.711236,26.658494,29.440618,26.612472,28.772472,33.652472,39.092472,29.152472,35.039887,24.092472,33.472472,28.532472
19,0,27.984127,25.564127,34.504127,27.924127,30.984127,27.764127,30.144127,25.624127,30.064127,27.404127,31.784127,31.644127,32.264127,25.824127,29.204127,22.804127,26.164127,25.044127,32.584127,31.484127,27.317063,28.024127,28.944127,30.664127,30.524127,29.224127,28.544127,32.784127,29.284127,31.804127,33.984127,32.104127,30.164127,37.184127,27.004127,29.924127,27.124127,29.264127,34.124127,39.704127,29.624127,35.624127,24.564127,34.044127,29.044127
19,1,28.577188,25.997188,35.057188,28.637188,31.637188,28.257188,30.713594,26.057188,30.757188,27.777188,32.357188,32.277188,32.877188,26.677188,29.793594,23.277188,26.657188,25.597188,32.957188,32.137188,27.757188,28.657188,29.597188,31.437188,31.177188,29.777188,29.617188,33.457188,30.017188,32.337188,34.417188,32.677188,30.917188,37.857188,27.637188,30.717188,27.977188,29.877188,34.597188,40.357188,30.157188,36.237188,25.137188,34.517188,29.757188
19,2,28.972381,26.372381,35.592381,29.137143,32.152381,28.692381,31.132381,26.412381,31.219524,28.172381,32.872381,33.012381,33.392381,27.192381,30.152381,23.672381,27.212381,25.952381,33.352381,32.652381,28.292381,29.252381,30.012381,31.952381,31.792381,30.132381,29.912381,33.872381,30.472381,32.792381,34.872381,33.514762,31.452381,38.172381,28.152381,31.192381,28.492381,30.272381,35.112381,40.892381,30.681905,36.732381,25.632381,35.032381,30.232381
20,0,29.438549,26.758091,36.098549,29.818549,32.638549,29.016325,31.578549,26.81571,31.758549,28.598855,33.338549,33.658549,33.838549,27.556069,30.738549,24.039046,27.658549,26.264274,33.692855,33.138549,28.698549,29.698549,30.378549,32.358549,32.218549,30.618549,30.378549,34.279516,30.858549,33.211069,35.193735,34.038549,31.90371,38.522061,28.462855,31.698549,28.767137,30.678549,35.518549,41.378549,31.378549,37.254274,25.915273,35.344283,30.538549
20,1,29.91161,27.15161,36.85161,30.53161,33.29161,29.420805,32.19161,27.19161,32.41161,28.93161,33.97161,34.61161,34.63161,28.17161,31.53161,24.460805,28.27161,26.77161,34.05161,33.79161,29.31161,30.09161,30.83161,32.97161,32.61161,31.33161,30.67161,34.87161,31.237203,33.63161,35.620805,34.63161,32.53161,39.03161,28.930322,32.49161,29.440805,31.09161,35.970805,42.03161,32.11161,37.83161,26.35161,35.95161,30.91161
20,2,30.317959,27.537959,37.277959,31.077959,33.697959,29.757959,32.597959,27.597959,32.977959,29.337959,34.457959,35.217959,35.037959,28.472653,31.93398,24.812653,28.737959,26.99398,34.372653,34.197959,29.71398,30.497959,31.232653,33.377959,32.93199,31.897959,31.077959,35.277959,31.57398,34.037959,36.01398,35.137959,33.237959,39.417959,29.257959,32.937959,29.75398,31.477959,36.357959,42.517959,32.577959,38.257959,26.692653,36.357959,31.297959
21,0,30.736871,27.976871,37.736871,31.536871,34.176871,30.118957,32.876871,28.036871,33.496871,29.716871,34.896871,35.796871,35.476871,28.876871,32.396871,25.196871,29.196871,27.376871,34.836871,34.676871,30.036871,30.876871,31.696871,33.856871,33.283435,32.516871,31.396871,35.756871,31.996871,34.383435,36.416871,35.516871,33.756871,39.923741,29.676871,33.443741,30.156871,31.916871,36.796871,43.016871,33.136871,38.816871,27.056871,36.736871,31.616871
21,1,31.310903,28.695419,38.455419,32.155419,34.815419,30.55542,33.515419,28.73542,34.25542,30.355419,35.41542,36.57542,36.11542,29.575419,33.150903,25.675419,29.755419,28.015419,35.395419,35.315419,30.715419,31.45542,32.415419,34.49542,33.95542,33.35542,31.915419,36.435419,32.760839,34.995419,36.915419,36.260839,34.575419,40.675419,30.295419,34.335419,30.855419,32.815419,37.41542,43.675419,33.955419,39.63542,27.755419,37.335419,32.41542
21,2,31.626893,29.266893,39.006893,32.626893,35.366893,31.126893,34.026893,29.326893,34.806893,30.846893,35.888447,37.266893,36.646893,30.026893,33.606893,26.306893,30.286893,28.477379,35.966893,35.866893,31.148447,32.026893,32.838447,35.046893,34.486893,33.946893,32.386893,36.788447,33.264223,35.506893,37.566893,37.106893,35.166893,41.226893,30.806893,34.826893,31.326893,33.366893,37.919223,44.186893,34.386893,40.326893,28.226893,37.806893,32.926893
22,0,32.020317,29.700317,39.540317,33.000317,35.860317,31.620317,34.600317,29.760317,35.320317,31.220317,36.260317,37.800317,37.000317,30.540317,34.160317,26.800317,30.780317,29.080317,36.400317,36.360317,31.520317,32.380317,33.280317,35.420317,34.800317,34.400317,32.740317,37.260317,33.820317,35.940317,37.980317,37.620317,35.680317,41.580317,31.160317,35.320317,31.820317,33.740317,38.280317,44.600317,34.920317,41.100317,28.600317,38.200317,33.420317
22,1,32.471973,30.171973,40.051973,33.511973,36.331973,32.051973,35.391973,30.231973,35.891973,31.591973,36.711973,38.271973,37.451973,30.960986,34.671973,27.271973,31.371973,29.551973,36.851973,36.831973,31.951973,32.811973,33.771973,35.871973,35.173946,34.851973,33.071973,37.791973,34.411973,36.331973,38.451973,38.151973,36.271973,42.131973,31.591973,35.791973,32.251973,34.291973,38.751973,45.071973,35.431973,41.831973,28.971973,38.611973,34.271973
22,2,32.865578,30.565578,40.545578,33.865578,36.745578,32.457789,35.905578,30.625578,36.305578,32.005578,37.165578,38.725578,37.885578,31.305578,35.012225,27.625578,31.805578,29.805578,37.365578,37.245578,32.345578,33.165578,34.145578,36.428526,35.625578,35.265578,33.467789,38.165578,34.905578,36.765578,38.845578,38.585578,36.865578,42.517789,31.945578,36.205578,32.585578,34.765578,39.185578,45.485578,35.885578,42.465578,29.319263,38.985578,34.865578
23,0,33.328027,30.968027,41.108027,34.268027,37.268027,32.888027,36.328027,31.028027,36.848027,32.408027,37.608027,39.228027,38.308027,31.648027,35.428027,27.988027,32.348027,30.268027,37.868027,37.768027,32.788027,33.608027,34.588027,36.868027,36.068027,35.708027,33.808027,38.528027,35.268027,37.188027,39.368027,39.048027,37.608027,42.888027,32.328027,36.648027,32.928027,35.188027,39.648027,45.928027,36.348027,42.968027,29.648027,39.408027,35.442109
23,1,33.850113,31.470113,41.750113,34.890113,37.950113,33.450113,36.850057,31.530113,37.570113,32.840057,38.350113,39.930113,38.850113,32.270113,36.470113,28.490113,33.050113,30.890113,38.530113,38.450113,33.230113,34.230113,35.270113,37.490113,36.630113,36.510113,34.250113,39.050113,36.030113,37.730113,40.090113,39.850113,38.410113,43.590113,32.990113,37.150113,33.530113,35.850113,40.390038,46.610113,37.030113,43.810113,30.110113,39.970113,36.590113
23,2,34.352317,31.942846,42.287075,35.427075,38.487075,34.067075,37.338537,31.986179,38.141224,33.104583,38.878537,40.467075,39.407075,32.734282,37.007075,29.027075,33.641224,31.407075,39.067075,38.987075,33.738537,34.767075,35.772317,37.987075,36.958683,37.047075,34.701011,39.587075,36.531313,38.227075,40.647075,40.387075,38.947075,44.127075,33.527075,37.687075,34.011138,36.347075,40.887075,47.187075,37.567075,44.347075,30.612648,40.507075,37.127075
24,0,34.638549,32.458549,42.978549,35.978549,39.038549,34.778549,37.798549,32.518549,38.818549,33.558549,39.198549,41.338549,39.998549,32.994274,37.647098,29.598549,34.318549,31.898549,39.778549,39.538549,34.098549,35.358549,36.058549,38.518549,37.099516,37.598549,35.194274,39.778549,36.858549,38.778549,41.238549,40.878549,40.198549,45.118549,34.198549,38.058549,34.274274,36.878549,41.338549,48.338549,37.978549,45.018549,30.919516,41.058549,37.938549
24,1,35.134845,32.944535,43.484535,36.544535,39.604535,35.324535,38.264535,33.004535,39.444535,33.984535,39.804535,42.024535,40.657268,33.404535,38.204535,30.044535,34.764535,32.464535,40.464535,40.084535,34.537268,35.897268,36.514845,39.064535,37.624535,38.124535,35.524535,40.464535,37.444535,39.584535,41.764535,41.364535,40.944535,45.684535,34.984535,38.577268,34.677268,37.404535,41.864535,49.084535,38.524535,45.644535,31.284535,41.764535,38.564535
24,2,35.576009,33.396009,44.056009,37.056009,40.156009,35.796009,38.936009,33.456009,40.016009,34.356009,40.316009,42.856009,41.236009,33.796009,38.516009,30.476009,35.276009,32.916009,41.016009,40.656009,35.036009,36.356009,36.976009,39.656009,38.316009,38.736009,35.956009,40.836009,38.136009,40.176009,42.296009,41.896009,41.556009,46.216009,35.396009,39.076009,35.076009,38.056009,42.576009,49.896009,39.176009,46.176009,31.716009,42.216009,39.216009
25,0,36.032608,33.992608,44.652608,37.752608,40.852608,36.312608,39.612608,34.052608,40.652608,34.881304,41.012608,43.592608,41.812608,34.252608,39.232608,30.892608,35.861304,33.472608,41.712608,41.352608,35.481304,36.912608,37.592608,40.352608,39.012608,39.832608,36.492608,41.332608,38.812608,40.812608,42.992608,42.592608,42.332608,46.812608,35.792608,39.732608,35.532608,38.572608,43.172608,50.632608,39.672608,47.032608,32.264203,42.932608,39.912608
25,1,36.523537,34.463537,45.343537,38.361179,41.643537,36.963537,40.383537,34.523537,41.323537,35.339032,41.923537,44.283537,42.503537,34.826769,40.343537,31.383537,36.443537,33.903537,42.443537,42.143537,36.183537,37.506769,38.163537,41.043537,39.783537,40.503537,37.903537,41.983537,39.503537,41.463537,43.643537,43.363537,42.943537,47.823537,36.323537,40.283537,36.086769,39.043537,43.783537,51.583537,40.194512,47.763537,32.796769,43.963537,40.863537
25,2,37.167392,35.127392,46.147392,39.007392,42.347392,37.787392,41.184785,35.187392,42.127392,35.707392,42.747392,45.267392,43.207392,35.407392,40.827392,31.927392,37.067392,34.547392,43.307392,42.847392,36.807392,38.187392,38.907392,42.227392,41.027392,41.167392,38.607392,42.707392,40.407392,42.287392,44.567392,44.387392,43.687392,48.847392,36.947392,40.967392,36.687392,39.667392,44.427392,52.327392,40.807392,48.687392,33.487392,45.107392,41.707392
26,0,37.976553,35.956553,47.496553,40.076553,43.116553,38.976553,42.076553,35.996553,43.296553,36.216553,43.576553,46.416553,44.136553,36.156553,41.476553,32.576553,37.736553,35.276553,44.036553,43.616553,37.556553,39.056553,39.916553,43.096553,42.216553,42.116553,39.116553,43.656553,41.576553,43.096553,45.656553,45.436553,44.736553,49.856553,37.676553,41.776553,37.436553,40.476553,45.276553,53.656553,41.656553,49.536553,34.376553,45.956553,42.556553
26,1,38.441576,36.493152,48.233152,40.793152,43.813152,39.613152,43.093152,36.533152,43.893152,37.233152,44.253152,47.373152,44.793152,36.713152,41.973152,33.217717,38.231576,35.633152,44.493152,44.313152,38.053152,39.793152,40.693152,43.753152,42.793152,42.813152,39.615788,44.473152,42.171576,43.853152,46.353152,46.373152,45.453152,50.673152,38.073152,42.553152,37.973152,40.993152,45.713152,54.693152,42.293152,50.273152,35.013152,46.513152,43.053152
26,2,38.715782,36.915782,48.675782,41.235782,44.255782,39.995782,43.535782,36.975782,44.375782,37.499156,44.695782,47.955782,45.235782,37.155782,42.312891,33.515782,38.655782,36.035782,44.915782,44.755782,38.475782,40.095782,41.135782,44.235782,43.215782,43.295782,40.015782,44.875782,42.575782,44.295782,46.855782,46.895782,46.195782,51.333129,38.435782,43.035782,38.415782,41.521565,46.215782,55.141565,42.875782,50.747347,35.615782,46.895782,43.475782
27,0,39.238413,37.298413,49.138413,41.718413,44.698413,40.458413,43.958413,37.358413,44.798413,37.698413,45.138413,48.578413,45.758413,37.678413,42.758413,33.898413,39.078413,36.578413,45.298413,45.198413,38.898413,40.478413,41.538413,44.678413,43.698413,43.878413,40.434206,45.378413,42.998413,44.918413,47.354206,47.338413,46.878413,51.998413,38.798413,43.498413,38.938413,41.958413,46.718413,55.858413,43.358413,51.278413,36.098413,47.378413,43.938413
27,1,39.764399,37.804399,49.853197,42.484399,45.264399,40.924399,44.524399,37.844399,45.464399,38.064399,45.744399,49.364399,46.404399,38.264399,43.364399,34.464399,39.5472,37.104399,45.664399,45.7472,39.344399,41.084399,42.204399,45.344399,44.228133,44.564399,40.924399,46.264399,43.684399,45.484399,47.784399,48.044399,47.644399,52.724399,39.404399,44.184399,39.524399,42.484399,47.264399,56.484399,43.904399,51.964399,36.724399,47.844399,44.644399
27,2,40.110567,38.190567,50.470567,42.950567,45.750567,41.310567,44.970567,38.250567,45.930567,38.470567,46.230567,50.070567,46.890567,38.690567,43.810567,34.830567,40.030567,37.410567,46.030567,46.250567,39.830567,41.710567,42.590567,45.830567,44.690567,45.070567,41.270567,46.730567,44.170567,45.930567,48.230567,48.670567,48.190567,53.050567,39.890567,44.650567,39.970567,42.830567,47.750567,56.990567,44.410567,52.510567,37.170567,48.330567,45.030567
28,0,40.613197,38.592109,50.921599,43.553197,46.193197,41.710799,45.413197,38.6329,46.593197,38.793197,46.693197,50.733197,47.453197,39.033197,44.353197,35.171599,40.453197,37.831599,46.391066,46.693197,40.193197,42.113197,43.033197,46.233197,45.133197,45.513197,41.531599,47.133197,44.553197,46.373197,48.593197,49.153197,48.713197,53.493197,40.233197,45.093197,40.311599,43.253197,48.111599,57.553197,45.053197,52.991599,37.513197,48.733197,45.433197
28,1,41.04644,38.98644,51.64644,44.20288,46.76644,42.08644,45.98644,39.02644,47.18644,39.20644,47.26644,51.46644,48.04644,39.41822,45.06644,35.60644,41.00644,38.26644,46.70644,47.26644,40.82644,42.54644,43.50644,46.92644,45.66644,46.26644,41.837055,47.74644,44.93548,46.86644,48.98644,49.64644,49.54644,53.96644,40.55548,45.92644,40.70644,43.64644,48.56644,58.18644,45.74644,53.52644,37.88644,49.18644,45.80644
28,2,41.438277,39.378277,52.118277,44.758277,47.158277,42.438277,46.378277,39.418277,47.578277,39.598277,47.738277,51.998277,48.438277,39.714138,45.498277,36.058277,41.458277,38.618277,47.038277,47.658277,41.218277,42.878277,43.878277,47.378277,45.998277,46.758277,42.094138,48.138277,45.258277,47.338277,49.378277,50.138277,50.378277,54.358277,40.878277,46.418277,40.978277,44.038277,48.958277,58.698277,46.246553,53.958277,38.238277,49.578277,46.198277
29,0,41.871882,39.891882,52.551882,45.251882,47.571882,42.791882,46.651882,39.931882,48.071882,39.951882,48.151882,52.531882,48.951882,40.091882,45.991882,36.551882,41.871882,39.191882,47.491882,48.071882,41.591882,43.250941,44.371882,47.790941,46.371882,47.431882,42.331882,48.611882,45.651882,47.751882,49.831882,50.511882,50.911882,54.837528,41.291882,46.991882,41.371882,44.431882,49.371882,59.111882,46.791882,54.491882,38.591882,49.931882,46.511882
29,1,42.388844,40.608844,53.328844,45.988844,48.108844,43.228844,47.228844,40.668844,48.748844,40.408844,48.688844,53.208844,49.588844,40.699422,46.868844,37.168844,42.388844,39.828844,47.968844,48.608844,42.248844,43.768844,45.068844,48.228844,47.008844,48.288844,42.716281,49.448844,46.348844,48.288844,50.488844,51.208844,51.608844,55.528844,41.908844,47.828844,41.968844,45.328844,49.988844,59.688844,47.468844,55.228844,39.128844,50.508844,47.168844
29,2,43.085986,41.205986,53.905986,46.445986,48.565986,43.765986,47.745986,41.265986,49.267993,40.808662,49.185986,54.085986,50.225986,41.161973,47.625986,37.765986,43.025986,40.285986,48.557993,49.065986,42.845986,44.187993,45.685986,48.785986,47.705986,49.025986,43.137993,50.225986,46.925986,48.985986,51.225986,52.125986,52.605986,56.227993,42.465986,48.325986,42.425986,45.985986,50.805986,60.205986,48.125986,56.085986,39.705986,51.145986,47.685986
30,0,43.694104,41.894104,54.474104,46.774104,48.994104,44.294104,48.394104,41.934104,49.694104,41.194104,49.634104,54.774104,50.694104,41.714104,48.014104,38.194104,43.674104,40.674104,48.952052,49.494104,43.394104,44.514104,46.374104,49.214104,48.214104,49.574104,43.514104,50.694104,47.354104,49.634104,51.674104,52.614104,53.634104,56.574104,43.054104,48.734104,42.974104,46.514104,51.434104,60.814104,48.834104,56.574104,40.134104,51.894104,48.034104
30,1,44.289478,42.489478,55.049478,47.169478,49.429478,45.009478,49.108957,42.529478,50.269478,41.549478,50.089478,55.489478,51.209478,42.189478,48.449478,38.609478,44.289478,41.009478,49.30987,49.929478,43.929478,44.969478,47.209478,49.649478,48.869478,50.009478,43.889478,51.109478,47.869478,49.909478,52.109478,53.449478,54.509478,56.969478,43.629478,49.169478,43.449478,47.109478,52.009478,61.469478,49.489478,57.109478,40.529478,52.729478,48.509478
30,2,44.777415,42.957415,55.597415,47.597415,49.937415,45.477415,49.777415,42.997415,50.733707,41.957415,50.517415,55.997415,51.657415,42.577415,48.977415,38.993707,44.757415,41.377415,49.637415,50.437415,44.397415,45.477415,47.797415,50.037415,49.317415,50.417415,44.337415,51.537415,48.317415,50.337415,52.517415,53.997415,55.097415,57.317415,44.137415,49.697415,43.837415,47.597415,52.497415,62.037415,50.037415,57.617415,40.857415,53.217415,49.157415
31,0,45.17093,43.35093,56.232789,47.971395,50.372789,45.851395,50.412789,43.391395,51.132789,42.344263,50.932789,56.432789,52.052789,42.991395,49.732789,39.361395,45.152789,41.772789,49.998279,50.872789,44.832789,45.852789,48.252789,50.492789,49.712789,50.771395,44.652789,51.981395,48.712789,50.752789,52.892789,54.512789,55.672789,57.691395,44.511395,50.192789,44.251395,48.012789,52.912789,62.492789,50.612789,58.212789,41.172789,53.591395,49.912789
31,1,45.553651,43.733651,56.813651,48.313651,50.793651,46.241825,50.953651,43.773651,51.573651,42.733651,51.393651,56.873651,52.473651,43.353651,50.333651,39.731825,45.613651,42.133651,50.293651,51.293651,45.313651,46.173651,48.673651,50.973651,50.131825,51.093651,44.933651,52.313651,49.113651,51.173651,53.281825,55.073651,56.153651,58.073651,44.893651,50.633651,44.613651,48.413651,53.333651,62.933651,51.093651,58.693651,41.573651,54.073651,50.473651
31,2,45.99102,44.07102,57.33102,48.69102,51.25102,46.59102,51.33102,44.13102,52.01102,43.11051,51.83102,57.33102,52.91102,43.69102,50.83102,40.07102,46.07102,42.51102,50.59102,51.75102,45.71102,46.490255,49.11102,51.39102,50.55102,51.43102,45.23102,52.71102,49.49102,51.55102,53.65102,55.55102,56.65102,58.43051,45.25034,51.17102,44.95102,48.83102,53.71102,63.33102,51.65102,59.15102,41.85102,54.45102,50.99102
32,0,46.451474,44.451474,57.891474,49.071474,51.751474,46.970737,51.731474,44.491474,52.391474,43.531474,52.471474,57.751474,53.371474,44.131474,51.211474,40.471474,46.491474,42.871474,50.931474,52.251474,46.171474,46.831474,49.531474,51.791474,51.251474,51.751474,45.623579,53.171474,49.951474,52.011474,54.031474,56.031474,57.271474,58.830737,45.551474,51.691474,45.390737,49.211474,54.111474,63.711474,52.171474,59.831474,42.191474,54.811474,51.751474
32,1,46.801361,44.801361,58.481361,49.421361,52.201361,47.393787,52.281361,44.861361,52.841361,43.941361,53.221361,58.401361,53.821361,44.461361,51.661361,40.892272,46.961361,43.281361,51.261361,52.701361,46.781361,47.181361,49.981361,52.241361,51.901361,52.061361,45.781361,53.681361,50.401361,52.501361,54.421361,56.501361,58.141361,59.201361,45.881361,52.141361,45.721361,49.641361,54.501361,64.141361,52.661361,60.321361,42.581361,55.201361,52.441361
32,2,47.233016,45.173016,59.053016,49.753016,52.673016,47.753016,52.665754,45.213016,53.213016,44.331508,53.673016,58.933016,54.293016,44.813016,52.113016,41.233016,47.373016,43.673016,51.593016,53.173016,47.253016,47.473016,50.453016,52.593016,52.331508,52.413016,46.093016,54.173016,50.753016,52.953016,54.797672,56.973016,58.713016,59.653016,46.221508,52.673016,46.053016,50.033016,54.833016,64.533016,53.193016,60.813016,42.913016,55.573016,52.973016
33,0,47.680952,45.540317,59.680952,50.140952,53.180952,48.160952,53.100952,45.613651,53.680952,44.742738,54.100952,59.360952,54.760952,45.200952,52.600952,41.740952,47.800952,44.120952,51.945476,53.680952,47.720952,47.820952,50.960952,52.945476,52.740952,52.740952,46.420952,54.620952,51.200952,53.540952,55.215476,57.460952,59.280952,60.160952,46.540952,53.180952,46.440952,50.440952,55.235476,64.960952,53.740952,61.460952,43.260952,55.955476,53.600952
33,1,48.056327,45.873163,60.196327,50.513163,53.616327,48.516327,53.436327,45.936327,54.076327,45.156327,54.516327,59.816327,55.196327,45.496327,53.036327,42.236327,48.196327,44.496327,52.236327,54.116327,48.156327,48.116327,51.396327,53.356327,53.136327,53.036327,46.636327,55.076327,51.556327,53.976327,55.613163,57.996327,59.956327,60.496327,46.796327,53.596327,46.756327,50.816327,55.556327,65.376327,54.216327,61.956327,43.596327,56.256327,54.113163
33,2,48.511519,46.311519,60.751519,50.88692,54.131519,48.84538,53.771519,46.371519,54.431519,45.546304,54.96384,60.331519,55.691519,45.871519,53.551519,42.671519,48.631519,44.891519,52.571519,54.631519,48.631519,48.391519,51.971519,53.811519,53.611519,53.351519,46.951519,55.651519,51.991519,54.491519,56.031519,58.511519,60.591519,60.931519,47.097173,54.091519,47.131519,51.22692,55.931519,65.811519,54.751519,62.511519,43.951519,56.626304,54.611519
34,0,49.184399,46.844399,61.424399,51.344399,54.864399,49.2772,54.184399,46.904399,54.944399,46.044399,55.504399,61.004399,56.244399,46.424399,54.344399,43.2148,49.044399,45.484399,52.984399,55.364399,49.144399,48.724399,52.744399,54.324399,54.364399,53.724399,47.284399,56.344399,52.604399,55.244399,56.484399,59.2572,61.644399,61.504399,47.404399,54.704399,47.664399,51.764399,56.404399,66.324399,55.3472,63.204399,44.324399,57.064399,55.284399
34,1,49.692154,47.252154,62.032154,51.652154,55.452154,49.737385,54.692154,47.312154,55.372154,46.512154,56.112154,61.792154,56.752154,46.752154,55.012154,43.752014,49.512154,45.872154,53.352154,55.952154,49.792154,49.032154,53.512154,54.912154,54.932154,54.032154,47.572154,57.132154,53.172154,55.792154,57.010269,59.832154,62.632154,61.932154,47.871077,55.152154,48.012154,52.272154,56.992154,66.832154,55.812154,63.692154,44.732154,57.412154,55.732154
34,2,50.143628,47.723628,62.683628,51.981363,56.003628,50.02909,55.063628,47.783628,55.803628,46.963628,56.563628,62.303628,57.343628,47.143628,55.526814,43.963628,49.983628,46.283628,53.703628,56.503628,50.283628,49.323628,54.103628,55.463628,55.383628,54.363628,48.083628,57.623628,53.568726,56.323628,57.308938,60.383628,63.323628,62.443628,47.981818,55.743628,48.388726,52.763628,57.188938,67.223628,56.383628,64.303628,45.163628,57.741209,56.303628
35,0,50.573333,48.053333,63.353333,52.393333,56.533333,50.433333,55.513333,48.113333,56.233333,47.433333,56.993333,62.713333,57.853333,47.593333,55.973333,44.353333,50.493333,46.733333,54.093333,57.033333,50.773333,49.673333,54.573333,55.913333,55.833333,54.733333,48.273333,58.153333,54.013333,56.953333,57.753333,60.916667,63.976667,62.993333,48.393333,56.313333,48.833333,53.333333,57.593333,67.713333,56.913333,64.893333,45.473333,58.113333,56.953333
35,1,50.983039,48.443039,64.023039,52.663039,57.063039,50.883039,55.943039,48.503039,56.643039,47.923039,57.503039,63.13413,58.343039,47.983039,56.363039,44.753304,50.903039,47.183039,54.523039,57.543039,51.263039,49.963039,55.003039,56.383039,56.303039,55.076519,48.623039,58.843039,54.423039,57.503039,58.283039,61.616519,65.103039,63.443039,48.716519,56.803039,49.243039,53.776519,58.051863,68.203039,57.363039,65.383039,45.903039,58.463039,57.563039
35,2,51.470794,48.850794,64.650794,53.007599,57.650794,51.290794,56.450794,48.910794,57.090794,48.430794,58.010794,63.550794,58.930794,48.470794,56.810794,45.090794,51.490132,47.630794,54.890397,58.150794,51.770794,50.290794,55.490794,56.970794,56.890794,55.430794,48.990794,59.270794,54.950794,58.070794,58.650794,62.150794,65.750794,64.030794,48.950794,57.370794,49.710794,54.290794,58.490794,68.670794,57.950794,65.970794,46.490794,58.870794,58.150794
36,0,52.086032,49.366032,65.566032,53.466032,58.306032,51.786032,56.946032,49.406032,57.586032,49.046032,58.706032,63.946032,59.726032,49.126032,57.326032,45.506032,52.026032,48.286032,55.406032,58.806032,52.426032,50.686032,55.986032,57.626032,57.546032,55.986032,49.426032,59.926032,55.566032,58.806032,59.126032,62.806032,66.606032,64.766032,49.416126,57.966032,50.366032,54.986032,59.066032,69.246032,58.526032,66.606032,46.946032,59.326032,58.826032
36,1,52.574603,49.874603,66.234603,53.814603,58.994603,52.374603,57.594603,49.914603,58.082302,49.714603,59.354603,64.534603,60.474603,49.798201,57.874603,45.914603,52.474603,48.794603,55.914603,59.494603,53.154603,51.034603,56.554603,58.362302,58.294603,56.414603,49.834603,60.694603,56.174603,59.534603,59.634603,63.614603,67.774603,65.454603,49.674603,58.494603,51.042302,55.594603,59.714603,69.834603,58.954603,67.234603,47.434603,59.754603,59.474603
36,2,53.093152,50.533152,67.073152,54.273152,59.813152,52.953152,58.413152,50.593152,58.573152,50.613152,60.013152,65.373152,61.413152,50.393152,58.613152,46.493152,53.133152,49.493152,56.513152,60.313152,53.833152,51.573152,57.353152,58.893152,59.033152,57.193152,50.473152,61.273152,56.853152,60.293152,60.173152,64.353152,68.653152,66.576304,50.033152,59.333152,51.653152,56.313152,60.493152,70.493152,59.713152,67.933152,48.253152,60.213152,60.233152
37,0,54.256803,52.196803,68.936803,55.116803,61.356803,54.336803,60.236803,52.236803,59.816803,52.116803,61.316803,66.796803,62.836803,51.796803,60.036803,47.136803,54.736803,50.616803,58.096803,61.856803,55.216803,52.896803,58.896803,60.804014,60.456803,58.256803,51.536803,62.496803,58.176803,61.576803,61.276803,65.970816,71.256803,69.196803,51.136803,60.776803,53.036803,58.016803,62.296803,71.736803,61.056803,69.336803,50.016803,61.736803,61.816803
37,1,54.72395,53.060545,70.163447,56.183447,62.483447,55.683447,62.263447,53.100796,60.557656,53.399909,62.543447,68.70395,63.863447,53.363447,61.223447,48.343447,55.503447,51.443447,60.303447,63.043447,56.20395,53.32542,59.983447,61.663447,61.863447,59.463447,53.563447,64.383447,59.623447,62.983447,62.26705,67.183447,72.003447,70.983447,52.123447,61.959631,54.443447,59.183447,63.243447,73.063447,62.263447,70.963447,51.083447,63.183447,63.143447
37,2,55.305238,53.588889,71.04127,56.742698,63.44127,56.60127,63.36381,53.660159,60.985238,53.787778,62.920194,69.291429,64.956508,54.38127,62.74127,48.74381,56.372857,52.34127,61.240423,63.95254,56.962698,54.15254,60.642698,62.36127,63.127778,60.44127,54.52127,65.46127,60.551429,64.151429,63.21254,68.14127,72.96127,72.02127,53.200159,62.350317,55.56127,60.30127,64.673968,74.18127,63.133127,72.079048,52.04127,64.420476,64.073127
38,0,55.991111,54.431111,72.413333,57.871111,64.711111,57.728889,64.931111,54.471111,62.111111,54.651111,63.638889,70.771111,66.751111,55.696667,64.271111,49.191111,57.931111,53.637778,62.492222,65.211111,58.231111,55.431111,62.034444,63.631111,64.671111,61.771111,55.932222,66.612222,62.231111,65.362222,64.551111,69.771111,74.391111,73.731111,54.951111,63.471111,56.911111,61.852222,66.271111,76.231111,64.171111,73.11,53.531111,65.404444,65.171111
38,1,56.742965,55.361859,73.421859,58.801859,65.581859,58.93593,67.391977,55.401859,62.961859,55.512372,65.581859,71.681859,67.77593,56.761859,65.108982,49.801859,58.737965,54.641859,63.661859,66.061859,58.95593,56.21593,63.041859,64.46593,65.861859,62.341859,56.781859,67.541859,63.25593,66.653953,65.401859,70.621859,75.261859,74.481859,55.692965,64.392965,58.001859,63.241859,67.141859,77.481859,65.101859,75.281859,54.191482,66.901859,65.941859
38,2,57.26678,55.78678,74.13068,59.46678,66.16678,59.38678,67.86678,55.84678,63.64678,56.02678,66.16678,72.18678,68.40678,57.28678,65.92678,50.20678,59.18678,55.06678,64.24678,66.66678,59.40678,56.82678,63.72678,65.06678,66.48678,62.68678,57.22678,68.04678,63.82678,67.24678,65.86678,71.08678,75.78678,74.96678,56.10678,64.86678,58.50678,63.84356,67.76678,78.26678,65.68678,75.96678,54.62678,67.40678,66.40678
39,0,57.726757,56.186757,74.566757,59.986757,66.626757,59.726757,68.226757,56.246757,64.166757,56.466757,66.606757,72.646757,68.866757,57.726757,66.346757,50.566757,59.646757,55.406757,64.766757,67.126757,59.806757,57.326757,64.226757,65.606757,66.906757,63.106757,57.646757,68.506757,64.286757,67.746757,66.266757,71.546757,76.246757,75.406757,56.418379,65.266757,58.946757,64.366757,68.326757,78.846757,66.146757,76.546757,54.946757,67.826757,66.786757
39,1,58.11458,56.73458,75.09458,60.53458,67.094581,60.114581,68.57458,56.79458,64.734581,56.934581,67.074581,73.33458,69.45458,58.27458,66.654581,50.954581,60.13458,55.81458,65.27458,67.61458,60.25458,57.894581,64.65458,66.154581,67.514581,63.734581,58.134581,69.23458,64.77458,68.29458,66.698916,72.02486,76.694581,75.894581,56.794581,65.734581,59.514581,64.95458,68.814581,79.47458,66.73458,77.13458,55.25458,68.634581,67.25458
39,2,58.785805,57.325805,75.645805,61.252258,67.845805,60.645805,69.305805,57.385805,65.485805,57.685805,67.885805,74.085805,70.205805,58.972634,67.445805,51.690494,60.885805,56.565805,66.025805,68.345805,60.845805,58.645805,65.385805,66.905805,68.265805,64.485805,58.81758,69.945805,65.525805,69.045805,67.405805,72.714293,77.505805,76.645805,57.373255,66.485805,60.215073,65.705805,69.565805,80.365805,67.425805,77.885805,56.005805,69.385805,67.785805
40,0,59.227891,57.708946,76.267891,61.529578,68.527891,61.047891,69.827891,57.748946,65.849876,58.148946,68.587891,74.553578,70.647891,59.551789,68.127891,51.748946,61.167891,57.027891,66.647891,69.027891,61.231491,59.047891,65.648946,67.269876,68.867891,64.709912,58.918946,70.567891,66.027891,69.718946,67.749883,73.207891,78.187891,76.967891,57.838946,66.669919,60.688946,66.227891,70.087891,80.887891,67.767891,78.409473,56.449578,69.655964,68.307891
40,1,59.583084,58.063084,76.683084,62.023084,69.043084,61.536542,70.223084,58.123084,66.343084,58.663084,69.103084,75.043084,71.163084,59.916542,68.563084,52.103084,61.603084,57.343084,67.103084,69.543084,61.583084,59.503084,66.183084,67.723084,69.523084,65.163084,59.283084,71.323084,66.483084,70.123084,68.163084,73.663084,78.703084,77.743084,58.223084,67.363084,61.123084,66.723084,70.703084,81.463084,68.303084,79.003084,56.883084,70.163084,68.783084
40,2,60.068707,58.608707,77.408707,62.428707,69.768707,62.088707,70.688707,58.668707,66.968707,59.308707,69.608707,75.669354,71.708707,60.308707,69.507415,52.488707,62.128707,57.808707,67.628707,70.268707,62.148707,60.008707,66.808707,68.208707,70.028707,65.608707,59.788707,71.888707,66.968707,70.608707,68.608707,74.288707,79.288707,78.348707,58.628707,67.868707,61.528707,67.448707,71.268707,82.148707,68.948707,79.468707,57.368707,70.768707,69.328707
41,0,60.505669,59.045669,78.105669,63.072611,70.305669,62.538408,71.165669,59.105669,67.445669,59.845669,70.157953,76.185669,72.225669,60.725669,70.031959,52.905669,62.545669,58.235945,68.225669,70.805669,62.677007,60.465669,67.245669,68.705669,70.565669,66.077953,60.376879,72.705669,67.536959,71.145669,69.157567,74.874459,79.825669,78.952676,59.053963,68.325669,61.965669,68.001338,71.745669,82.805669,69.628345,80.205669,57.807834,71.297007,69.785669
41,1,60.81246,59.354921,78.544762,63.404762,70.704762,62.844762,71.344762,59.417381,67.904762,60.244762,70.484762,76.584762,72.664762,61.11369,70.324762,53.224762,62.924762,58.524762,68.624762,71.204762,63.084762,60.844762,67.664762,69.164762,70.924762,66.404762,60.637381,73.144762,67.844762,71.564762,69.437381,75.184762,80.264762,79.424762,59.264762,68.764762,62.344762,68.404762,72.324762,83.284762,70.084762,80.804762,58.127381,71.724762,70.244762
41,2,61.473844,59.848435,79.254614,64.008435,71.488435,63.388435,71.985306,59.888435,68.468435,60.928435,71.268435,77.308435,73.268435,61.568435,71.128435,53.932179,63.508435,59.108435,69.408435,71.988435,63.688435,61.428435,68.33713,69.788435,71.688435,66.957225,61.268435,73.928435,68.448435,72.308435,70.148435,75.908435,81.048435,80.228435,59.868435,69.288435,62.808435,69.028435,73.088435,84.108435,70.728435,81.628435,58.808435,72.348435,71.028435
42,0,61.793696,60.295462,79.893696,64.633696,72.373696,63.831848,72.733696,60.358739,69.161848,61.333696,71.733696,77.973696,74.013696,61.955924,71.553696,53.973696,64.111848,59.813696,70.057899,72.873696,64.393696,61.933696,68.593696,70.497899,72.313696,67.433696,61.913696,74.530462,69.053696,73.034739,70.761848,76.693696,81.951848,81.073696,60.413696,69.711848,63.181848,69.493696,73.853696,85.013696,71.433696,82.513696,59.491848,73.373696,71.691232
42,1,62.294936,60.714936,80.644807,65.124807,73.084807,64.484807,73.364807,60.764807,69.644807,61.844807,72.524807,78.664807,74.744807,62.453702,71.964807,54.332961,64.634936,60.317404,70.677404,73.584807,64.804807,62.444807,69.124807,71.084807,73.024807,67.917404,62.524807,75.144807,69.724807,73.677404,71.364807,77.224807,82.412961,81.904807,60.984807,70.304807,63.677404,70.214936,74.424807,85.864807,72.124807,83.304807,59.944807,74.004807,72.304807
42,2,62.68195,61.08195,81.18195,65.64195,73.54195,64.86195,73.82195,61.12195,70.10195,62.26195,73.02195,79.20195,75.20195,62.80195,72.76195,54.66195,65.02195,60.635975,71.18195,74.04195,65.20195,62.82195,69.60195,71.56195,73.46195,68.30195,62.92195,75.66195,70.10195,74.10195,71.74195,77.64195,82.80195,82.44195,61.30195,70.78195,64.02195,70.64195,74.92195,86.40195,72.60195,83.96195,60.34195,74.36195,72.74195
43,0,63.115556,61.415556,81.635556,66.115556,73.955556,65.235556,74.235556,61.455556,70.615556,62.675556,73.435556,79.635556,75.675556,63.215556,73.215556,55.035556,65.415556,60.935556,71.635556,74.455556,65.635556,63.235556,70.002778,71.955556,73.815556,68.715556,63.295556,76.155556,70.515556,74.535556,72.215556,78.115556,83.215556,82.955556,61.715556,71.215556,64.435556,71.115556,75.435556,86.895556,73.075556,84.495556,60.655556,74.775556,73.175556
43,1,63.465442,61.805442,82.085442,66.605442,74.405442,65.587721,74.625442,61.848861,71.045442,63.085442,73.845442,80.085442,76.125442,63.665442,73.588481,55.425442,65.845442,61.285442,72.045442,74.905442,65.985442,63.627721,70.348481,72.445442,74.225442,69.128481,63.705442,76.725442,71.025442,74.947721,72.545442,78.625442,83.725442,83.525442,62.085442,71.665442,64.885442,71.525442,75.925442,87.365442,73.725442,85.225442,60.925442,75.125442,73.605442
43,2,64.029841,62.249841,82.589841,67.049841,74.869841,66.049841,75.089841,62.289841,71.589841,63.649841,74.409841,80.569841,76.609841,64.109841,74.129841,55.869841,66.299921,61.749841,72.549841,75.389841,66.429841,64.129841,70.789841,73.089841,74.689841,69.589841,64.159921,77.389841,71.609841,75.469841,73.009841,79.209841,84.349841,84.109841,62.449841,72.309841,65.329841,72.129841,76.529841,87.889841,74.189841,85.889841,61.409841,75.549841,74.189841
44,0,64.421678,62.661678,83.025034,67.441678,75.261678,66.421678,75.401678,62.721678,72.181678,64.041678,74.901678,81.021678,77.101678,64.461678,74.521678,56.215839,66.681678,62.161678,73.001678,75.761678,66.821678,64.541678,71.181678,73.741678,75.081678,69.961678,64.541678,77.901678,72.001678,76.061678,73.421678,79.601678,84.761678,84.821678,62.881678,72.821678,65.681678,72.521678,77.181678,88.421678,74.601678,86.433356,61.701678,75.941678,74.601678
44,1,64.829796,63.029796,83.589796,67.869796,75.689796,66.829796,76.128163,63.069796,72.669796,64.568776,75.369388,81.588571,77.629796,64.949388,74.929796,56.569796,67.049949,62.589796,73.429796,76.189796,67.229796,64.989796,71.549796,74.189592,75.629796,70.409592,64.949592,78.428776,72.429796,76.788163,73.829898,80.029796,85.229592,85.349796,63.309796,73.529796,66.169592,72.929796,77.729796,89.089184,75.089796,87.069592,62.009796,76.369796,74.989796
44,2,65.509025,63.709025,84.289025,68.629025,76.229025,67.369025,76.769025,63.749025,73.429025,65.269025,76.129025,82.409025,78.389025,65.549025,75.489025,57.109025,67.629025,63.189025,74.20805,76.729025,67.869025,65.749025,72.129025,74.789025,76.369025,71.029025,65.649025,79.379512,73.049025,77.689025,74.549025,80.649025,85.969025,86.529025,63.849025,74.729025,66.749025,73.709025,78.549025,89.829025,76.009025,87.889025,62.449025,76.989025,75.609025
45,0,65.949025,64.229025,85.089025,69.249025,76.829025,67.849025,77.189025,64.289025,74.129025,65.769025,76.629025,83.269025,79.009025,66.069025,76.249025,57.549025,68.169025,63.649025,74.889025,77.329025,68.369025,66.329025,72.649025,75.589025,76.849025,71.589025,66.189025,79.949025,73.589025,78.249025,75.089025,81.129025,86.469025,87.449025,64.369512,75.549025,67.289025,74.169025,79.169025,90.669025,76.879274,88.649025,62.769025,77.529025,76.149025
45,1,66.711474,64.731474,85.711474,69.771474,77.351474,68.391474,77.751474,64.771474,74.771474,66.251474,77.271474,83.851474,79.790737,66.517158,76.751474,57.940737,68.691474,64.091474,75.531474,77.871474,68.820737,66.911474,73.171474,76.231474,77.411474,72.031474,66.711474,80.511474,74.131474,78.891474,75.980737,81.651474,86.931474,88.091474,64.911474,76.131474,67.737158,74.711474,79.731474,91.411474,77.431474,89.291474,63.260737,78.151474,76.691474
45,2,67.232154,65.312154,86.332154,70.372154,77.852154,69.072154,78.412154,65.352154,75.392154,66.792154,78.112154,84.652154,80.552154,66.952154,77.212154,58.432154,69.272154,64.592154,76.152154,78.352154,69.264051,67.452154,73.812154,77.092154,77.992154,72.712154,67.332154,81.392154,74.752154,79.581077,76.692154,82.372154,87.492154,88.852154,65.412154,76.632154,68.172154,75.252154,80.492154,92.112154,77.972154,89.892154,63.752154,79.054308,77.292154
46,0,67.916009,66.056009,87.056009,71.116009,78.556009,69.796009,79.196009,66.116009,76.156009,67.456009,78.916009,85.516009,81.356009,67.416009,77.936009,59.036009,69.916009,65.296009,77.288027,79.056009,69.636009,68.056009,74.496009,77.836009,78.776009,73.422018,68.326054,82.356009,75.562018,80.496009,77.536009,82.996009,88.056009,90.056009,66.056009,77.376009,68.656009,75.816009,81.576009,92.976009,78.716009,90.796009,64.336009,79.776009,78.182018
46,1,68.530227,66.810227,88.170227,72.010227,79.050227,70.430227,80.130227,66.850227,76.930227,68.510227,79.790227,86.510227,82.450227,68.050227,78.930454,59.510227,70.430227,66.290227,78.610227,79.550227,70.230227,68.750227,75.390227,78.850227,79.730227,74.070227,69.470227,83.210227,76.330227,81.950227,78.390227,83.650227,88.570227,91.730227,66.930227,78.070227,69.250227,76.51068,82.510227,94.170227,79.390227,91.770227,64.770227,81.170227,78.990227
46,2,68.952902,67.272902,88.835805,72.812902,79.472902,70.832902,80.615805,67.332902,77.572902,69.138707,80.252902,87.172902,83.032902,68.472902,79.632902,59.921451,70.892902,66.732902,79.478707,79.972902,70.712902,69.312902,76.072902,79.472902,80.212902,74.492902,70.035805,84.092902,76.992902,82.832902,78.892902,84.152902,89.212902,92.352902,67.332902,78.572902,69.672902,76.995805,83.052902,95.238707,80.092902,92.492902,65.192902,81.652902,79.492902
47,0,69.402472,67.722472,89.262472,73.354943,79.842472,71.202472,81.002472,67.762472,78.149773,69.582472,80.662472,87.682472,83.502472,68.842472,80.022472,60.282472,71.262472,67.082472,79.962472,80.342472,71.162472,69.774943,76.494943,79.942472,80.582472,74.914943,70.502472,84.594943,77.382472,83.422472,79.282472,84.602472,89.602472,92.872358,67.662472,78.942472,70.062472,77.462472,83.602472,96.062245,80.522472,93.062472,65.582472,82.127415,79.962472
47,1,69.7522,68.2122,89.7322,73.8522,80.2322,71.5722,81.3122,68.2522,78.7122,69.9722,81.0322,88.414399,84.0322,69.2311,80.4122,60.6122,71.6122,67.4322,80.4322,80.7322,71.7522,70.1922,76.9122,80.3322,80.9922,75.554399,70.8722,85.0722,77.7922,83.9922,79.7522,85.0922,89.9722,93.2922,67.9722,79.3922,70.4522,77.8322,84.0722,96.7722,81.0522,93.6922,65.8922,82.7722,80.3922
47,2,70.454467,68.814467,90.494467,74.498934,80.834467,72.194467,82.154467,68.854467,79.334467,70.623605,81.794467,89.174467,84.794467,69.734467,81.014467,61.214467,72.254467,68.154467,81.114467,81.334467,72.354467,70.794467,77.554467,81.038934,81.834467,76.194467,71.474467,85.838934,78.554467,85.374467,80.354467,85.774467,90.554467,94.054467,68.574467,80.114467,70.914467,78.483401,84.974467,97.974467,81.854467,94.554467,66.498934,83.594467,81.094467
48,0,70.744717,69.344717,90.784717,74.984717,81.124717,72.484717,82.444717,69.384717,79.744717,71.084717,82.164717,89.464717,85.084717,70.007358,81.304717,61.364717,72.544717,68.444717,81.404717,81.624717,72.627358,71.104717,77.864717,81.344717,82.139433,76.444717,71.684717,86.264717,78.844717,85.664717,80.844717,86.179433,90.827358,94.344717,68.904717,80.404717,71.204717,78.844717,85.264717,98.459433,82.144717,94.844717,66.804717,84.004717,81.464717
48,1,71.151066,69.711066,91.311066,75.511066,81.531066,72.951066,82.851066,69.771066,80.251066,71.571066,82.591066,89.931066,85.591066,70.391066,81.671066,61.691066,72.971066,68.771066,81.871066,82.031066,72.991066,71.511066,78.351066,81.731066,82.731066,76.811066,72.091066,86.891066,79.311066,86.131066,81.291066,86.611066,91.231066,94.891066,69.251066,81.151066,71.591066,79.231066,85.851066,99.171066,82.691066,95.391066,67.211066,84.551066,81.911066
48,2,71.691383,70.251383,91.891383,75.971383,82.191383,73.511383,83.271383,70.291383,80.711383,72.231383,83.171383,90.571383,86.191383,70.791383,82.151383,62.017128,73.451383,69.291383,82.411383,82.691383,73.431383,71.891383,78.911383,82.191383,83.351383,77.211383,72.611383,87.451383,79.971383,86.691383,81.691383,87.151383,91.851383,95.451383,69.712766,81.671383,71.991383,79.811383,86.471383,99.831383,83.371383,95.891383,67.671383,85.312766,82.371383
49,0,72.14127,70.66127,92.455635,76.40127,82.64127,73.895635,83.70127,70.70127,81.16127,72.74127,83.58127,91.04127,86.70127,71.16127,82.66127,62.395635,73.86127,69.716254,82.94127,83.14127,73.84127,72.26127,79.28127,82.635635,83.705635,77.640423,73.12127,88.04127,80.338545,87.34127,82.12127,87.60127,92.28127,95.92127,70.100939,82.14127,72.36127,80.26127,86.96127,100.52127,83.96127,96.42127,68.036254,85.80127,82.78127
49,1,72.518594,71.018594,92.838594,76.898594,83.018594,74.258594,83.998594,71.078594,81.618594,73.118594,83.958594,91.458594,87.178594,71.518594,83.358594,62.738594,74.238594,70.038594,83.478594,83.518594,74.198594,72.638594,79.658594,82.998594,84.138594,77.998594,73.498594,88.438594,80.658594,87.758594,82.518594,88.018594,92.678594,96.338594,70.378594,82.638594,72.738594,80.638594,87.518594,101.03859,84.467188,97.058594,68.358594,86.278594,83.178594
49,2,73.142812,71.575624,93.415624,77.482812,83.562812,74.826871,84.562812,71.635624,82.286871,73.662812,84.582812,92.022812,87.722812,71.908973,83.922812,63.242812,74.782812,70.672494,84.022812,84.062812,74.662812,73.082812,80.122812,83.542812,84.742812,78.542812,74.042812,88.982812,81.222812,88.508435,83.114059,88.679683,93.222812,96.942812,70.902812,83.361247,73.122812,81.321247,88.225306,101.76281,85.022812,97.635624,68.902812,86.702812,83.735624
50,0,73.505624,72.177812,93.805624,78.145624,83.925624,75.225624,85.185624,72.225624,82.945624,74.125624,85.085624,92.485624,88.205624,72.257812,84.625624,63.445624,75.165624,71.105624,84.945624,84.445624,75.017812,73.405624,80.425624,83.985624,85.205624,78.865624,74.645624,89.365624,81.585624,89.205624,83.505624,89.085624,93.625624,97.525624,71.205624,83.885624,73.465624,81.765624,88.665624,102.46562,85.645624,98.165624,69.255208,87.025624,84.105624
50,1,74.011973,72.551973,94.451973,78.691973,84.331973,75.691973,85.711973,72.591973,83.571973,74.591973,85.551973,92.891973,88.711973,72.731973,85.071973,63.771973,75.551973,71.451973,85.693946,84.831973,75.371973,73.771973,80.831973,84.391973,85.671973,79.271973,75.111973,89.911973,82.051973,89.753946,83.891973,89.491973,94.051973,98.111973,71.631973,84.671973,73.891973,82.191973,89.191973,103.03197,86.191973,98.631973,69.631973,87.451973,84.491973
50,2,74.496372,73.056372,94.916372,79.156372,84.796372,76.236372,86.276372,73.096372,84.036372,75.116372,86.182744,93.356372,89.176372,73.076372,85.536372,64.108296,76.056372,71.856372,86.276372,85.296372,75.796372,74.216372,81.296372,84.856372,86.136372,79.716372,75.616372,90.436372,82.476372,90.316372,84.276372,89.976372,94.516372,98.616372,72.056372,85.136372,74.276372,82.896372,89.656372,103.53637,86.756372,99.096372,70.096372,87.816372,84.956372
51,0,74.997891,73.557891,95.557891,79.785782,85.217891,76.717891,86.717891,73.617891,84.577891,75.677891,86.637891,93.777891,89.917891,73.477891,86.077891,64.497891,76.537891,72.305782,86.817891,85.717891,76.397891,74.657891,81.593946,85.397891,86.517891,80.037891,76.157891,90.997891,82.997891,90.937891,84.677891,90.417891,95.097891,99.197891,72.417891,85.637891,74.697891,83.517891,90.137891,104.15789,87.357891,99.617891,70.517891,88.223946,85.417891
51,1,75.609478,74.469478,96.189478,80.509478,85.689478,77.209478,87.189478,74.509478,85.209478,76.229478,87.329478,94.329478,90.609478,73.969478,86.619739,64.909478,77.029478,72.849478,87.569478,86.189478,77.049478,75.289478,82.069478,86.348435,86.949478,80.449478,76.909478,91.949478,83.649478,91.789478,85.089478,90.869478,95.709478,100.64948,72.769478,86.289478,75.169478,84.529478,91.109478,104.90948,87.869478,100.08948,70.969478,88.609478,85.949478
51,2,76.174875,75.114875,96.754875,81.014875,86.254875,77.774875,87.654875,75.174875,85.774875,76.859751,87.914875,94.974875,91.414875,74.454875,87.114875,65.334875,77.534875,73.194875,88.254875,86.754875,77.514875,75.734875,82.554875,86.914875,87.450975,80.854875,77.674875,92.454875,84.214875,92.674875,85.514875,91.434875,96.194875,101.27487,73.294875,86.854875,75.654875,85.434875,91.634875,105.51488,88.374875,100.61488,71.434875,88.874875,86.394875
52,0,77.029342,76.009342,97.689342,81.789671,87.089342,78.529342,88.369671,76.069342,86.609342,77.669671,88.769342,95.869342,92.449342,75.209671,87.809342,65.949671,78.249342,74.009342,89.369342,87.608685,78.429342,76.389342,83.229342,87.929342,88.309342,81.349342,78.389342,93.489342,85.069342,94.349342,86.129342,92.149671,96.789927,102.10934,73.729342,87.709342,76.409671,87.069342,92.649342,106.26967,89.049342,101.14934,72.029342,89.429342,87.089342
52,1,77.920091,77.235045,98.940091,82.500091,87.960091,79.560091,89.220091,77.280091,87.480091,78.440091,89.620091,96.940091,93.635045,76.100091,88.780091,66.680091,78.980091,74.860091,90.560091,88.460091,79.460091,77.075045,84.060091,88.920091,89.320091,82.000091,79.020091,94.660091,86.100091,95.920091,86.860091,92.760091,97.660091,103.36009,74.480091,88.760091,77.300091,88.500091,93.860091,107.06009,89.900091,101.76009,73.000091,90.040091,87.840091
52,2,78.890839,78.090839,99.910839,83.030839,88.830839,80.851678,90.170839,78.150839,88.390839,79.352517,90.513356,97.890839,94.470839,77.030839,89.911678,67.096806,79.690839,75.950839,91.190839,89.330839,80.290839,77.830839,84.950839,89.750839,90.270839,83.113356,80.050839,95.330839,86.970839,96.694195,87.730839,93.650839,98.610839,104.23084,75.190839,89.591678,78.230839,89.772517,94.570839,107.85252,90.790839,102.51084,73.850839,90.790839,88.410839
53,0,79.369388,78.729388,100.74939,83.669388,89.469388,81.599694,90.769388,78.789388,89.089388,80.149388,91.209388,98.489388,95.389388,77.569388,90.909388,67.549388,80.469388,76.549388,91.679694,89.969388,80.859694,78.509388,85.589388,90.213939,90.829388,83.729388,80.689694,95.889388,87.489388,97.849388,88.509388,94.249388,99.229388,105.74939,75.577835,90.456463,78.769388,90.889388,95.109388,108.94939,91.569388,103.12939,74.369388,91.769388,89.069388
53,1,79.983794,79.711383,101.37138,84.640692,90.451383,82.291383,91.211383,79.771383,89.911383,80.951383,91.771383,99.391383,96.111383,78.351383,91.691383,67.991383,81.391383,76.991383,92.311383,90.971383,81.571383,79.271383,86.411383,90.831383,91.551383,84.191383,81.311383,96.591383,88.251383,98.891383,89.291383,94.791383,99.851383,106.97138,75.991383,91.051383,79.211383,91.691383,95.711383,109.99138,92.211383,103.95138,74.791383,92.871383,89.871383
53,2,81.042222,80.642222,102.84222,85.362222,91.602222,83.442222,92.442222,80.862222,91.062222,82.102222,92.522222,100.66222,97.502222,79.022222,92.882222,68.942222,82.502222,78.142222,93.162222,92.102222,82.442222,80.362222,87.662222,91.982222,92.702222,85.402222,82.262222,97.322222,89.322222,100.28222,90.442222,95.882222,101.00222,108.30222,77.002222,91.922222,80.042222,92.842222,96.482222,111.14222,93.362222,105.16222,75.742222,94.022222,90.502222
54,0,81.873787,81.953787,104.23379,86.393787,93.133787,84.633787,92.933787,81.993787,91.673787,83.093787,93.911893,101.77379,98.485147,79.553787,94.433787,69.613787,83.793787,79.253787,94.413787,93.633787,83.573787,81.073787,88.633787,93.451893,93.453787,86.051893,82.993787,98.413787,90.513787,101.81379,91.253787,97.213787,102.01379,110.65379,77.493787,92.313787,80.729632,93.853787,97.613787,112.51379,94.573787,105.91379,76.329276,95.653787,91.393787
54,1,82.812381,83.507483,105.44748,87.687483,95.107483,86.227483,94.347483,83.722449,93.007483,84.887483,95.189864,103.73742,99.547483,80.327483,96.719932,70.622313,85.127483,80.147483,95.507483,95.647483,84.842449,82.207483,89.667483,94.107483,95.084966,86.767483,83.927483,99.987483,91.927483,103.56748,92.942449,98.447483,103.20748,112.90748,78.914898,93.347483,81.527483,95.767483,99.422449,114.52748,95.347483,107.24497,77.447483,97.739932,93.107483
54,2,89.043311,86.663311,108.62331,92.563311,96.943311,92.783311,95.798586,86.663311,98.063311,90.283311,99.803243,110.50331,103.52331,82.394383,103.86331,74.363311,91.923311,82.723311,100.92331,98.483311,88.683311,85.543311,90.831959,101.68331,101.62331,97.643311,88.523311,111.24331,99.196621,109.23662,96.723311,105.94331,108.28331,116.58331,82.223311,97.019405,83.840368,102.70331,104.42331,117.26331,98.183311,114.02331,80.563703,100.20331,98.323311
