0.011609977,0
0.023219955,0
0.034829932,0
0.046439909,0
0.058049887,0
0.069659864,0
0.081269841,0
0.092879819,0
0.1044898,0
0.11609977,0
0.12770975,0
0.13931973,0
0.15092971,0
0.16253968,0
0.17414966,0
0.18575964,0
0.19736961,0
0.20897959,0
0.22058957,0
0.23219955,0
0.24380952,0
0.2554195,0
0.26702948,0
0.27863946,0
0.29024943,0
0.30185941,0
0.31346939,0
0.32507937,0.0047416041
0.33668934,0.060937171
0.34829932,6.3062583
0.3599093,10.74087
0.37151927,10.647235
0.38312925,10.682192
0.39473923,9.8781897
0.40634921,9.3540667
0.41795918,9.1357128
0.42956916,8.6891792
0.44117914,8.3629856
0.45278912,8.3788908
0.46439909,8.1676704
0.47600907,8.0068252
0.48761905,7.9075151
0.49922902,7.6824683
0.510839,7.6335683
0.52244898,7.4317526
0.53405896,7.1268882
0.54566893,6.9097627
0.55727891,6.6923457
0.56888889,6.3979331
0.58049887,6.2733646
0.59210884,6.1049636
0.60371882,5.81337
0.6153288,5.7959981
0.62693878,5.7541069
0.63854875,5.5431029
0.65015873,5.3416964
0.66176871,5.1283206
0.67337868,4.9124355
0.68498866,4.5888371
0.69659864,4.3334322
0.70820862,4.1762998
0.71981859,4.1068512
0.73142857,3.9930641
0.74303855,3.9274363
0.75464853,3.8985254
0.7662585,3.7313972
0.77786848,3.5214716
0.78947846,3.324513
0.80108844,3.3443331
0.81269841,3.2649052
0.82430839,3.1328409
0.83591837,3.1219282
0.84752834,3.2046564
0.85913832,3.0767982
0.8707483,3.0218708
0.88235828,3.0964991
0.89396825,3.1721035
0.90557823,3.1254212
0.91718821,3.1197331
0.92879819,3.1245505
0.94040816,3.1999705
0.95201814,3.165321
0.96362812,4.3258871
0.9752381,6.1637389
0.98684807,5.1150886
0.99845805,4.5200971
1.010068,4.6438979
1.021678,4.1441232
1.033288,4.2438183
1.044898,3.9249548
1.0565079,3.8559949
1.0681179,4.0385134
1.0797279,3.9653759
1.0913379,3.9233171
1.1029478,4.1550755
1.1145578,3.9649145
1.1261678,4.0384175
1.1377778,4.0974485
1.1493878,3.9877734
1.1609977,3.9550472
1.1726077,4.0042542
1.1842177,4.0023
1.1958277,4.0560273
1.2074376,3.8502739
1.2190476,3.8075829
1.2306576,3.795566
1.2422676,3.8462223
1.2538776,3.8093555
1.2654875,3.5956544
1.2770975,3.8241944
1.2887075,8.4229572
1.3003175,10.624697
1.3119274,10.144422
1.3235374,10.003642
1.3351474,9.888941
1.3467574,9.5668608
1.3583673,9.2145737
1.3699773,8.9536881
1.3815873,8.8291764
1.3931973,8.7915009
1.4048073,8.4344929
1.4164172,8.518265
1.4280272,8.6070927
1.4396372,8.6169401
1.4512472,8.6237841
1.4628571,8.5738555
1.4744671,8.3386737
1.4860771,8.200196
1.4976871,7.7815814
1.5092971,7.3387016
1.520907,6.2792707
1.532517,4.8434556
1.544127,9.7300408
1.555737,11.910112
1.5673469,11.35181
1.5789569,11.945187
1.5905669,12.63568
1.6021769,12.64656
1.6137868,12.623373
1.6253968,12.815208
1.6370068,12.566608
1.6486168,11.995196
1.6602268,11.234479
1.6718367,10.648963
1.6834467,9.9828864
1.6950567,9.0789172
1.7066667,8.8404264
1.7182766,8.733648
1.7298866,8.6532898
1.7414966,8.5193905
1.7531066,8.3170935
1.7647166,7.8685206
1.7763265,7.6284171
1.7879365,7.2850723
1.7995465,7.1472379
1.8111565,6.9028927
1.8227664,6.6534368
1.8343764,6.5236494
1.8459864,6.1754601
1.8575964,5.8940774
1.8692063,5.5328142
1.8808163,5.3620076
1.8924263,5.1913077
1.9040363,5.0410604
1.9156463,4.8202955
1.9272562,4.6309484
1.9388662,4.4411956
1.9504762,8.5506775
1.9620862,12.08638
1.9736961,10.952104
1.9853061,10.117873
1.9969161,9.9747812
2.0085261,10.267703
2.0201361,10.31977
2.031746,9.9967052
2.043356,9.7741543
2.054966,9.6735049
2.066576,9.3729761
2.0781859,9.2589924
2.0897959,8.748499
2.1014059,8.1799651
2.1130159,8.7134384
2.1246259,11.070948
2.1362358,11.539117
2.1478458,9.8795296
2.1594558,10.213178
2.1710658,9.0347252
2.1826757,8.9542229
2.1942857,9.1498167
2.2058957,7.9545826
2.2175057,7.9572807
2.2291156,7.9729725
2.2407256,7.0899679
2.2523356,7.2788685
2.2639456,7.5383412
2.2755556,8.531919
2.2871655,8.7325473
2.2987755,8.7297011
2.3103855,8.2659116
2.3219955,8.1614959
2.3336054,7.7999992
2.3452154,7.5263745
2.3568254,6.9275417
2.3684354,6.420004
2.3800454,6.8986423
2.3916553,6.1014904
2.4032653,5.8378575
2.4148753,5.7286165
2.4264853,12.300072
2.4380952,15.393
2.4497052,13.518964
2.4613152,12.992892
2.4729252,13.14352
2.4845351,12.962498
2.4961451,12.200557
2.5077551,12.238834
2.5193651,11.934441
2.5309751,11.337575
2.542585,11.050458
2.554195,9.6540347
2.565805,8.5729248
2.577415,8.1698474
2.5890249,7.9900079
2.6006349,9.3891645
2.6122449,9.5873886
2.6238549,8.5522399
2.6354649,8.0803267
2.6470748,8.0357995
2.6586848,8.0545699
2.6702948,8.0654875
2.6819048,8.1981569
2.6935147,7.7712371
2.7051247,7.8411713
2.7167347,7.4473824
2.7283447,7.3896513
2.7399546,7.7070977
2.7515646,7.402572
2.7631746,7.2319105
2.7747846,6.8675629
2.7863946,6.8122135
2.7980045,6.9299599
2.8096145,6.8852985
2.8212245,6.7355868
2.8328345,6.2759202
2.8444444,6.0873713
2.8560544,6.1131649
2.8676644,5.9556212
2.8792744,6.0022383
2.8908844,5.8621889
2.9024943,5.4594986
2.9141043,5.1651783
2.9257143,5.5067871
2.9373243,5.1333454
2.9489342,4.8018424
2.9605442,4.7680948
2.9721542,3.8888965
2.9837642,9.8088855
2.9953741,14.024071
3.0069841,14.747511
3.0185941,14.807555
3.0302041,14.717808
3.0418141,14.573973
3.053424,14.353561
3.065034,14.012137
3.076644,13.644039
3.088254,13.30758
3.0998639,13.006843
3.1114739,12.581603
3.1230839,12.574721
3.1346939,12.48155
3.1463039,12.380333
3.1579138,11.90036
3.1695238,12.004017
3.1811338,11.847864
3.1927438,11.581706
3.2043537,11.619466
3.2159637,11.39781
3.2275737,11.421114
3.2391837,11.132823
3.2507937,11.113761
3.2624036,10.740817
3.2740136,10.441039
3.2856236,10.181863
3.2972336,10.100245
3.3088435,11.950726
3.3204535,10.063733
3.3320635,8.5994606
3.3436735,9.000367
3.3552834,9.6809079
3.3668934,9.3256979
3.3785034,8.8858976
3.3901134,8.4024275
3.4017234,8.4522874
3.4133333,8.4861719
3.4249433,8.2928153
3.4365533,8.0922899
3.4481633,7.7495416
3.4597732,7.5051693
3.4713832,7.0920346
3.4829932,12.339791
3.4946032,17.057603
3.5062132,16.41723
3.5178231,16.219832
3.5294331,15.856533
3.5410431,15.108778
3.5526531,14.765441
3.564263,14.576797
3.575873,14.182604
3.587483,14.236516
3.599093,13.997866
3.6107029,13.831853
3.6223129,13.621207
3.6339229,13.704631
3.6455329,13.922489
3.6571429,13.774692
3.6687528,16.183474
3.6803628,17.458263
3.6919728,17.035113
3.7035828,17.588955
3.7151927,17.98831
3.7268027,17.93383
3.7384127,17.543963
3.7500227,17.036532
3.7616327,16.413555
3.7732426,16.024312
3.7848526,15.421639
3.7964626,15.028628
3.8080726,13.909986
3.8196825,12.311022
3.8312925,12.311988
3.8429025,12.23401
3.8545125,12.165579
3.8661224,12.071757
3.8777324,11.587223
3.8893424,10.54384
3.9009524,10.423962
3.9125624,10.165631
3.9241723,10.010368
3.9357823,9.481243
3.9473923,9.1408461
3.9590023,8.9052524
3.9706122,8.5051938
3.9822222,7.946846
3.9938322,7.1939791
4.0054422,6.7203277
4.0170522,11.283149
4.0286621,16.201201
4.0402721,14.728239
4.0518821,14.407545
4.0634921,14.203967
4.075102,13.696746
4.086712,13.395274
4.098322,13.350002
4.109932,13.055455
4.121542,12.78398
4.1331519,12.308527
4.1447619,12.164421
4.1563719,12.130156
4.1679819,15.785165
4.1795918,14.448156
4.1912018,9.8478343
4.2028118,12.156726
4.2144218,10.743305
4.2260317,9.2425393
4.2376417,10.344185
4.2492517,8.9715418
4.2608617,9.0020256
4.2724717,9.2559218
4.2840816,8.5361726
4.2956916,8.8488645
4.3073016,8.8715684
4.3189116,9.0944077
4.3305215,12.001052
4.3421315,13.213669
4.3537415,12.828364
4.3653515,12.556826
4.3769615,12.384468
4.3885714,12.428099
4.4001814,12.446572
4.4117914,12.274275
4.4234014,12.265059
4.4350113,12.035409
4.4466213,10.773808
4.4582313,9.4735361
4.4698413,8.459369
4.4814512,7.9754158
4.4930612,9.8662079
4.5046712,8.6347091
4.5162812,9.5718282
4.5278912,8.478865
4.5395011,8.6419609
4.5511111,7.8531424
4.5627211,8.2501856
4.5743311,7.7542067
4.585941,7.6572536
4.597551,7.1290735
4.609161,6.4941001
4.620771,6.0114546
4.632381,10.454073
4.6439909,12.699916
4.6556009,12.472387
4.6672109,12.254923
4.6788209,12.315705
4.6904308,11.992612
4.7020408,12.450492
4.7136508,11.665575
4.7252608,11.558915
4.7368707,10.911671
4.7484807,8.6740004
4.7600907,8.7489691
4.7717007,9.0644839
4.7833107,9.1024131
4.7949206,9.0582854
4.8065306,8.9606551
4.8181406,8.6717326
4.8297506,8.9032636
4.8413605,8.2498958
4.8529705,8.8648843
4.8645805,8.5614116
4.8761905,8.5511771
4.8878005,8.6423788
4.8994104,8.1842255
4.9110204,8.1124605
4.9226304,7.5134339
4.9342404,7.3965006
4.9458503,7.33343
4.9574603,6.9151171
4.9690703,7.0129379
4.9806803,6.4487346
4.9922902,6.59655
5.0039002,6.2055135
5.0155102,5.880194
5.0271202,5.9959826
5.0387302,6.0667419
5.0503401,12.474754
5.0619501,17.418234
5.0735601,18.895619
5.0851701,18.74
5.09678,16.948034
5.10839,16.526577
5.12,16.906566
5.13161,16.011608
5.14322,15.839045
5.1548299,15.404701
5.1664399,15.271802
5.1780499,14.937113
5.1896599,14.636251
5.2012698,14.845648
5.2128798,14.377373
5.2244898,14.646103
5.2360998,15.027578
5.2477098,14.668958
5.2593197,14.055763
5.2709297,14.276515
5.2825397,13.698768
5.2941497,13.303028
5.3057596,13.208387
5.3173696,12.973235
5.3289796,12.449253
5.3405896,12.143611
5.3521995,12.108379
5.3638095,11.992266
5.3754195,11.355391
5.3870295,10.51238
5.3986395,9.3962275
5.4102494,10.539413
5.4218594,12.854291
5.4334694,12.200285
5.4450794,11.926163
5.4566893,11.274718
5.4682993,10.455929
5.4799093,10.375104
5.4915193,10.124806
5.5031293,9.9310311
5.5147392,9.8523325
5.5263492,9.3850176
5.5379592,9.4023486
5.5495692,9.3825431
5.5611791,9.1706038
5.5727891,9.1278929
5.5843991,12.806878
5.5960091,20.028122
5.607619,20.11721
5.619229,20.373252
5.630839,20.112167
5.642449,19.269422
5.654059,18.580411
5.6656689,18.484519
5.6772789,18.027693
5.6888889,18.008055
5.7004989,17.542502
5.7121088,16.939877
5.7237188,16.740872
5.7353288,16.386191
5.7469388,17.029505
5.7585488,21.011894
5.7701587,20.441947
5.7817687,18.722473
5.7933787,18.91504
5.8049887,19.851956
5.8165986,19.412587
5.8282086,18.965429
5.8398186,18.244384
5.8514286,16.960434
5.8630385,15.988599
5.8746485,16.291484
5.8862585,16.104468
5.8978685,15.597057
5.9094785,14.185291
5.9210884,13.202087
5.9326984,13.524326
5.9443084,13.498796
5.9559184,13.817117
5.9675283,13.574943
5.9791383,12.135275
5.9907483,11.589226
6.0023583,11.223139
6.0139683,11.206903
6.0255782,10.961983
6.0371882,10.097136
6.0487982,9.2212014
6.0604082,8.9622922
6.0720181,8.249805
6.0836281,10.838814
6.0952381,18.936011
6.1068481,22.387133
6.118458,21.795645
6.130068,20.37386
6.141678,19.944024
6.153288,19.73201
6.164898,19.627831
6.1765079,19.00164
6.1881179,18.439917
6.1997279,18.135107
6.2113379,17.804202
6.2229478,17.174849
6.2345578,16.713255
6.2461678,14.062119
6.2577778,18.511755
6.2693878,18.662108
6.2809977,14.947888
6.2926077,16.627163
6.3042177,15.309748
6.3158277,13.784535
6.3274376,14.533903
6.3390476,12.918095
6.3506576,12.911973
6.3622676,18.044655
6.3738776,17.094153
6.3854875,16.620846
6.3970975,17.498653
6.4087075,17.606205
6.4203175,16.91038
6.4319274,17.043696
6.4435374,16.392153
6.4551474,15.773408
6.4667574,15.17426
6.4783673,14.440878
6.4899773,14.126476
6.5015873,14.185038
6.5131973,13.599567
6.5248073,13.959002
6.5364172,21.788593
6.5480272,26.584699
6.5596372,23.98119
6.5712472,23.18183
6.5828571,22.820395
6.5944671,22.088474
6.6060771,21.498676
6.6176871,20.881112
6.6292971,20.268485
6.640907,19.708996
6.652517,19.494408
6.664127,18.447386
6.675737,18.808786
6.6873469,18.275528
6.6989569,17.397629
6.7105669,17.588684
6.7221769,17.641772
6.7337868,16.84239
6.7453968,16.692218
6.7570068,16.66639
6.7686168,16.503578
6.7802268,15.45657
6.7918367,15.14624
6.8034467,14.717983
6.8150567,14.69913
6.8266667,14.634899
6.8382766,13.751401
6.8498866,13.163603
6.8614966,13.7034
6.8731066,13.310751
6.8847166,13.254699
6.8963265,13.321954
6.9079365,11.912595
6.9195465,11.245742
6.9311565,11.810338
6.9427664,11.564899
6.9543764,11.09844
6.9659864,11.177559
6.9775964,9.9102166
6.9892063,9.8765129
7.0008163,10.365673
7.0124263,9.592302
7.0240363,9.5264028
7.0356463,9.2827657
7.0472562,8.7613607
7.0588662,9.0376091
7.0704762,9.425677
7.0820862,10.842519
7.0936961,19.590172
7.1053061,19.729686
7.1169161,19.271192
7.1285261,19.999805
7.1401361,18.988178
7.151746,18.889396
7.163356,19.594003
7.174966,17.930654
7.186576,17.969294
7.1981859,17.453465
7.2097959,16.592337
7.2214059,16.842265
7.2330159,16.269973
7.2446259,16.281758
7.2562358,16.231827
7.2678458,15.801227
7.2794558,15.743098
7.2910658,15.121998
7.3026757,14.844868
7.3142857,14.453547
7.3258957,13.853506
7.3375057,13.534403
7.3491156,13.090118
7.3607256,12.431176
7.3723356,12.074032
7.3839456,11.496003
7.3955556,10.574309
7.4071655,12.795233
7.4187755,12.778044
7.4303855,12.496724
7.4419955,13.162664
7.4536054,14.858513
7.4652154,13.853508
7.4768254,13.732972
7.4884354,13.036814
7.5000454,13.590393
7.5116553,12.485197
7.5232653,12.997147
7.5348753,11.73351
7.5464853,12.339292
7.5580952,11.162112
7.5697052,11.846036
7.5813152,11.511724
7.5929252,21.405913
7.6045351,25.591399
7.6161451,25.086572
7.6277551,25.133798
7.6393651,24.641158
7.6509751,23.988711
7.662585,23.332263
7.674195,22.981399
7.685805,22.459985
7.697415,22.194002
7.7090249,21.584333
7.7206349,21.009342
7.7322449,20.793237
7.7438549,20.579408
7.7554649,20.753299
7.7670748,20.043768
7.7786848,18.533796
7.7902948,21.219562
7.8019048,19.64237
7.8135147,18.731114
7.8251247,20.178122
7.8367347,20.477817
7.8483447,19.875561
7.8599546,19.629419
7.8715646,18.263605
7.8831746,17.265129
7.8947846,16.303437
7.9063946,16.238746
7.9180045,15.522286
7.9296145,14.365511
7.9412245,12.952334
7.9528345,12.661059
7.9644444,12.661759
7.9760544,12.696016
7.9876644,12.447469
7.9992744,11.637757
8.0108844,11.017826
8.0224943,10.76695
8.0341043,10.352697
8.0457143,10.377839
8.0573243,9.6582821
8.0689342,9.2501257
8.0805442,9.1543087
8.0921542,8.5214379
8.1037642,8.092752
8.1153741,7.3139383
8.1269841,8.1369422
8.1385941,14.890218
8.1502041,15.625129
8.1618141,13.785462
8.173424,13.880021
8.185034,13.761534
8.196644,12.82062
8.208254,13.009745
8.2198639,12.853855
8.2314739,12.000921
8.2430839,12.310126
8.2546939,11.872833
8.2663039,11.306811
8.2779138,11.838627
8.2895238,9.6563185
8.3011338,12.615554
8.3127438,12.2902
8.3243537,8.6249518
8.3359637,10.150989
8.3475737,9.185499
8.3591837,8.0263335
8.3707937,8.8174877
8.3824036,7.634867
8.3940136,7.830466
8.4056236,8.13652
8.4172336,7.5564537
8.4288435,8.2174077
8.4404535,10.371904
8.4520635,8.8276622
8.4636735,8.6298124
8.4752834,8.7142541
8.4868934,8.0611639
8.4985034,7.826296
8.5101134,7.4451973
8.5217234,7.4622912
8.5333333,7.1953657
8.5449433,7.0389087
8.5565533,6.3069238
8.5681633,5.4247978
8.5797732,5.0925057
8.5913832,6.5279204
8.6029932,6.2942401
8.6146032,6.7988494
8.6262132,6.7808524
8.6378231,5.5130012
8.6494331,5.6075977
8.6610431,5.667618
8.6726531,5.9149107
8.684263,5.9720336
8.695873,5.7185604
8.707483,5.0472895
8.719093,4.5195919
8.7307029,4.0623773
8.7423129,3.7567242
8.7539229,5.1810647
8.7655329,8.0936125
8.7771429,7.7048293
8.7887528,7.9056867
8.8003628,7.7695988
8.8119728,7.6447379
8.8235828,7.8921307
8.8351927,7.6456646
8.8468027,7.7887091
8.8584127,7.8212221
8.8700227,7.6211712
8.8816327,7.7110764
8.8932426,6.6897701
8.9048526,7.3594628
8.9164626,7.2801508
8.9280726,7.5577792
8.9396825,7.6980731
8.9512925,7.2901854
8.9629025,7.1447353
8.9745125,7.0567238
8.9861224,6.8357888
8.9977324,6.6515289
9.0093424,6.5913245
9.0209524,6.482671
9.0325624,6.4855317
9.0441723,6.4363307
9.0557823,5.9549568
9.0673923,5.7829599
9.0790023,5.624073
9.0906122,5.516823
9.1022222,5.3560744
9.1138322,5.2844823
9.1254422,5.075474
9.1370522,4.9135468
9.1486621,4.7800355
9.1602721,4.8398394
9.1718821,4.7552523
9.1834921,4.5878527
9.195102,4.4518134
9.206712,4.3112696
9.218322,4.2183697
9.229932,4.2059314
9.241542,4.0094214
9.2531519,3.9923641
9.2647619,4.0205077
9.2763719,3.9550205
9.2879819,3.9091532
9.2995918,3.8532203
9.3112018,3.6887662
9.3228118,3.6158096
9.3344218,3.6979482
9.3460317,3.637573
9.3576417,3.4610633
9.3692517,3.4448178
9.3808617,3.2999159
9.3924717,3.3131169
9.4040816,3.2535742
9.4156916,3.0256312
9.4273016,5.0161228
9.4389116,7.1401499
9.4505215,8.2010467
9.4621315,8.3081789
9.4737415,7.2844266
9.4853515,7.3918909
9.4969615,7.0458863
9.5085714,7.038959
9.5201814,6.946373
9.5317914,6.5406209
9.5434014,6.574172
9.5550113,6.1424134
9.5666213,6.2263165
9.5782313,6.3403149
9.5898413,5.9560449
9.6014512,6.1187033
9.6130612,5.9551609
9.6246712,5.9974881
9.6362812,5.7315796
9.6478912,5.6616718
9.6595011,5.6415132
9.6711111,5.5437018
9.6827211,5.72889
9.6943311,5.5613851
9.705941,5.4777456
9.717551,5.3224582
9.729161,5.2975202
9.740771,5.3444965
9.752381,5.0710032
9.7639909,4.9774424
9.7756009,4.8107672
9.7872109,4.6409167
9.7988209,4.3835514
9.8104308,4.2075248
9.8220408,4.1833123
9.8336508,4.0089161
9.8452608,3.9451885
9.8568707,3.8068051
9.8684807,3.74467
9.8800907,3.5955046
9.8917007,3.3762674
9.9033107,3.2697979
9.9149206,3.1031868
9.9265306,3.0295646
9.9381406,2.9536748
9.9497506,2.937196
9.9613605,2.9582564
9.9729705,2.9931811
9.9845805,2.9953026
9.9961905,7.5002316
10.0078,12.386435
10.01941,12.137059
10.03102,11.50903
10.04263,11.35583
10.05424,10.698374
10.06585,10.763744
10.07746,10.222529
10.08907,9.977146
10.10068,9.7251606
10.11229,9.5715949
10.1239,9.3207441
10.13551,9.4080735
10.14712,9.494237
10.15873,9.553293
10.17034,9.3818574
10.18195,9.204078
10.19356,9.2086685
10.20517,9.0404029
10.21678,8.7854347
10.22839,8.5748715
10.24,8.4767137
10.25161,8.4175442
10.26322,8.2665162
10.27483,8.0778935
10.28644,8.0423887
10.29805,7.8397039
10.30966,7.4421574
10.32127,7.1246807
10.33288,6.7344107
10.34449,6.2602911
10.3561,5.9809433
10.36771,5.9395359
10.37932,5.6096702
10.39093,5.2307439
10.40254,8.9376781
10.41415,16.823162
10.42576,19.623673
10.43737,20.605771
10.44898,20.064165
10.46059,19.532404
10.4722,19.123879
10.48381,18.722069
10.49542,18.750979
10.507029,18.210125
10.518639,18.19298
10.530249,14.309332
10.541859,21.455191
10.553469,18.287529
10.565079,13.652281
10.576689,20.258784
10.588299,16.42127
10.599909,14.624747
10.611519,20.40995
10.623129,20.251241
10.634739,24.952541
10.646349,25.926877
10.657959,20.200154
10.669569,23.257924
10.681179,21.912936
10.692789,18.260094
10.704399,21.521104
10.716009,18.741393
10.727619,18.274547
10.739229,22.402002
10.750839,20.531717
10.762449,17.284247
10.774059,19.691686
10.785669,17.889344
10.797279,16.313116
10.808889,15.756863
10.820499,15.314598
10.832109,14.631804
10.843719,13.287201
10.855329,14.296735
10.866939,15.300825
10.878549,15.597514
10.890159,23.005582
10.901769,26.085184
10.913379,22.577541
10.924989,22.589985
10.936599,23.763777
10.948209,20.887669
10.959819,20.623974
10.971429,21.655305
10.983039,18.578852
10.994649,18.434992
11.006259,17.907628
11.017868,15.926287
11.029478,21.776429
11.041088,26.541185
11.052698,25.971234
11.064308,26.312503
11.075918,26.412256
11.087528,25.334111
11.099138,24.732969
11.110748,23.85135
11.122358,23.058477
11.133968,21.823048
11.145578,21.050794
11.157188,20.387604
11.168798,20.263598
11.180408,20.371254
11.192018,20.3512
11.203628,20.063966
11.215238,23.845683
11.226848,24.285618
11.238458,22.415702
11.250068,24.641955
11.261678,25.160813
11.273288,24.032653
11.284898,22.944792
11.296508,21.504153
11.308118,20.657491
11.319728,20.496964
11.331338,19.848937
11.342948,17.614008
11.354558,14.962873
11.366168,11.890906
11.377778,10.981453
11.389388,10.39871
11.400998,18.796804
11.412608,24.241651
11.424218,25.080944
11.435828,24.581909
11.447438,24.089427
11.459048,22.555862
11.470658,21.656555
11.482268,21.056788
11.493878,19.804922
11.505488,20.206687
11.517098,19.452203
11.528707,18.498961
11.540317,17.920654
11.551927,17.330006
11.563537,17.474514
11.575147,16.170959
11.586757,16.291531
11.598367,15.673142
11.609977,15.988947
11.621587,15.575774
11.633197,14.381794
11.644807,14.502941
11.656417,13.79369
11.668027,13.798701
11.679637,13.454215
11.691247,12.726728
11.702857,18.337309
11.714467,18.997025
11.726077,20.398229
11.737687,17.388168
11.749297,16.819164
11.760907,18.909856
11.772517,15.87641
11.784127,17.829835
11.795737,22.850032
11.807347,25.44372
11.818957,21.446155
11.830567,24.170192
11.842177,21.709705
11.853787,19.135467
11.865397,24.025602
11.877007,22.066959
11.888617,23.54778
11.900227,22.927427
11.911837,15.57516
11.923447,21.460967
11.935057,21.398199
11.946667,15.987763
11.958277,24.566239
11.969887,25.06603
11.981497,24.908443
11.993107,24.44943
12.004717,22.613294
12.016327,20.713138
12.027937,20.637367
12.039546,20.735753
12.051156,25.359381
12.062766,22.029296
12.074376,21.613624
12.085986,22.288956
12.097596,16.588786
12.109206,20.072704
12.120816,19.171705
12.132426,23.326423
12.144036,25.879096
12.155646,23.191079
12.167256,25.758837
12.178866,27.114361
12.190476,26.200627
12.202086,23.904257
12.213696,22.388912
12.225306,24.268006
12.236916,23.975392
12.248526,21.290318
12.260136,20.792015
12.271746,20.607406
12.283356,17.404352
12.294966,19.731963
12.306576,29.864838
12.318186,26.067109
12.329796,27.038607
12.341406,26.795231
12.353016,23.345836
12.364626,23.031072
12.376236,23.880892
12.387846,21.771682
12.399456,20.889284
12.411066,21.09151
12.422676,19.738869
12.434286,17.338062
12.445896,16.516307
12.457506,15.459528
12.469116,21.475994
12.480726,21.005842
12.492336,20.841234
12.503946,21.012412
12.515556,20.10472
12.527166,20.073831
12.538776,18.868626
12.550385,18.726144
12.561995,18.200483
12.573605,17.416345
12.585215,15.583014
12.596825,15.819957
12.608435,16.001244
12.620045,16.019267
12.631655,16.462399
12.643265,16.093511
12.654875,15.758265
12.666485,15.870844
12.678095,15.85983
12.689705,15.933197
12.701315,15.560391
12.712925,15.376928
12.724535,15.385666
12.736145,15.332934
12.747755,15.3391
12.759365,15.504722
12.770975,16.132881
12.782585,20.389336
12.794195,19.231225
12.805805,19.95602
12.817415,18.705282
12.829025,17.144755
12.840635,18.673171
12.852245,16.501405
12.863855,18.042843
12.875465,21.487072
12.887075,21.653177
12.898685,21.539378
12.910295,18.740189
12.921905,20.594788
12.933515,19.376862
12.945125,17.115522
12.956735,21.31923
12.968345,17.737193
12.979955,17.333763
12.991565,22.012116
13.003175,15.895136
13.014785,20.840394
13.026395,20.375597
13.038005,17.690089
13.049615,18.968803
13.061224,18.912487
13.072834,17.594148
13.084444,16.572645
13.096054,16.941277
13.107664,18.167095
13.119274,14.210288
13.130884,16.671867
13.142494,14.484724
13.154104,16.893177
13.165714,13.939046
13.177324,17.220746
13.188934,18.608601
13.200544,28.471867
13.212154,26.128729
13.223764,23.186068
13.235374,24.306625
13.246984,22.720245
13.258594,21.145854
13.270204,23.232553
13.281814,21.901689
13.293424,20.865906
13.305034,22.548155
13.316644,19.594716
13.328254,19.546288
13.339864,21.457918
13.351474,18.649806
13.363084,17.877584
13.374694,21.083233
13.386304,23.471657
13.397914,18.594279
13.409524,18.685345
13.421134,18.283242
13.432744,15.037841
13.444354,16.125873
13.455964,15.142801
13.467574,13.555111
13.479184,14.680233
13.490794,12.831762
13.502404,13.985181
13.514014,12.780001
13.525624,12.493911
13.537234,11.950841
13.548844,11.707027
13.560454,11.226056
13.572063,11.377838
13.583673,10.20139
13.595283,9.9544293
13.606893,10.253913
13.618503,9.5465088
13.630113,9.2359773
13.641723,10.016627
13.653333,9.6106932
13.664943,9.1780418
13.676553,8.941789
13.688163,10.319398
13.699773,10.710619
13.711383,9.6078453
13.722993,10.145651
13.734603,10.196733
13.746213,10.692716
13.757823,10.535965
13.769433,9.8711887
13.781043,9.4488275
13.792653,10.071212
13.804263,10.035017
13.815873,9.1372966
13.827483,8.7529193
13.839093,9.5329745
13.850703,9.3547952
13.862313,8.9708681
13.873923,8.8435954
13.885533,8.0886371
13.897143,8.3449623
13.908753,8.8604801
13.920363,8.3400106
13.931973,7.4570717
13.943583,7.0305484
13.955193,9.2485829
13.966803,17.527519
13.978413,21.919265
13.990023,23.0058
14.001633,21.544474
14.013243,20.551343
14.024853,20.254781
14.036463,20.188332
14.048073,19.958503
14.059683,19.272624
14.071293,18.870996
14.082902,18.659649
14.094512,18.339814
14.106122,18.415245
14.117732,17.860704
14.129342,17.761987
14.140952,17.46147
14.152562,17.36096
14.164172,16.976487
14.175782,16.895281
14.187392,16.600379
14.199002,16.547411
14.210612,16.161186
14.222222,15.822044
14.233832,14.980032
14.245442,14.681403
14.257052,14.65159
14.268662,14.223565
14.280272,13.867657
14.291882,13.626507
14.303492,12.923346
14.315102,12.552493
14.326712,12.190442
14.338322,11.927941
14.349932,11.532358
14.361542,11.297648
14.373152,10.838235
14.384762,9.9146413
14.396372,12.749318
14.407982,21.033107
14.419592,21.683007
14.431202,22.075909
14.442812,20.173116
14.454422,18.638811
14.466032,17.992776
14.477642,17.235778
14.489252,17.118253
14.500862,16.989753
14.512472,16.654461
14.524082,17.064423
14.535692,17.061233
14.547302,16.903895
14.558912,16.989415
14.570522,16.954159
14.582132,16.428921
14.593741,16.17293
14.605351,15.656073
14.616961,15.439766
14.628571,14.934452
14.640181,14.705449
14.651791,14.190652
14.663401,14.029376
14.675011,14.039245
14.686621,13.482333
14.698231,12.711408
14.709841,12.356658
14.721451,11.812245
14.733061,11.048868
14.744671,10.862019
14.756281,15.486111
14.767891,22.854158
14.779501,25.500259
14.791111,25.361935
14.802721,24.00907
14.814331,24.097311
14.825941,23.283639
14.837551,22.177195
14.849161,22.090027
14.860771,21.780216
14.872381,20.688712
14.883991,26.125942
14.895601,25.153666
14.907211,18.008992
14.918821,26.56183
14.930431,21.555982
14.942041,19.039971
14.953651,24.335575
14.965261,20.831719
14.976871,17.352078
14.988481,22.294351
15.000091,25.287672
15.011701,15.841228
15.023311,22.712098
15.034921,22.384205
15.046531,15.601315
15.058141,21.306732
15.069751,19.338311
15.081361,13.849057
15.092971,24.079126
15.10458,20.136334
15.11619,16.323409
15.1278,21.20877
15.13941,16.732313
15.15102,15.192764
15.16263,18.371975
15.17424,15.209929
15.18585,13.606447
15.19746,15.944928
15.20907,17.072494
15.22068,21.670872
15.23229,22.210391
15.2439,21.375721
15.25551,22.276658
15.26712,19.614855
15.27873,19.096569
15.29034,20.560546
15.30195,18.774703
15.31356,18.082004
15.32517,17.670432
15.33678,15.228851
15.34839,13.632348
15.36,16.649565
15.37161,26.21229
15.38322,26.290292
15.39483,26.15222
15.40644,25.457488
15.41805,24.999862
15.42966,23.898691
15.44127,23.375336
15.45288,22.856224
15.46449,22.300099
15.4761,21.494091
15.48771,20.639681
15.49932,20.137498
15.51093,19.893244
15.52254,20.129315
15.53415,19.449634
15.54576,18.841529
15.55737,18.545148
15.56898,18.217995
15.58059,17.121243
15.5922,16.455656
15.60381,16.236364
15.61542,19.278667
15.627029,21.426666
15.638639,19.164533
15.650249,19.722588
15.661859,20.967242
15.673469,21.73421
15.685079,21.011213
15.696689,19.692965
15.708299,18.244134
15.719909,17.514652
15.731519,18.520887
15.743129,19.145944
15.754739,19.567558
15.766349,18.828005
15.777959,19.050289
15.789569,19.350609
15.801179,17.743649
15.812789,18.878394
15.824399,16.786534
15.836009,19.32656
15.847619,16.048364
15.859229,17.869189
15.870839,15.020351
15.882449,17.171674
15.894059,14.356573
15.905669,16.327048
15.917279,12.929421
15.928889,15.295629
15.940499,15.235591
15.952109,21.565323
15.963719,20.888741
15.975329,19.003136
15.986939,20.630521
15.998549,16.005558
16.010159,18.080219
16.021769,16.988196
16.033379,14.792131
16.044989,17.450962
16.056599,14.271677
16.068209,16.551162
16.079819,16.224607
16.091429,15.144748
16.103039,21.04106
16.114649,21.234358
16.126259,20.919345
16.137868,19.734333
16.149478,19.300068
16.161088,20.553392
16.172698,16.236186
16.184308,18.600626
16.195918,17.126546
16.207528,18.371821
16.219138,22.125407
16.230748,18.52128
16.242358,21.085482
16.253968,16.319444
16.265578,16.760432
16.277188,15.466408
16.288798,16.101915
16.300408,17.6941
16.312018,15.097015
16.323628,14.881843
16.335238,17.645926
16.346848,20.851788
16.358458,20.784357
16.370068,19.269697
16.381678,18.7745
16.393288,17.630394
16.404898,16.124
16.416508,21.438474
16.428118,22.634001
16.439728,19.880135
16.451338,21.538774
16.462948,23.089011
16.474558,23.283165
16.486168,21.624712
16.497778,20.686106
16.509388,19.938252
16.520998,18.216815
16.532608,18.203892
16.544218,17.228423
16.555828,13.70328
16.567438,13.181727
16.579048,14.465918
16.590658,13.788009
16.602268,13.70011
16.613878,20.709489
16.625488,23.874537
16.637098,21.889828
16.648707,21.439737
16.660317,20.136964
16.671927,19.805041
16.683537,19.747261
16.695147,19.061982
16.706757,18.363464
16.718367,18.571235
16.729977,18.602003
16.741587,18.286068
16.753197,18.27441
16.764807,17.860129
16.776417,17.384685
16.788027,18.192559
16.799637,18.821218
16.811247,18.68366
16.822857,15.745581
16.834467,14.77748
16.846077,16.322805
16.857687,13.890834
16.869297,12.909333
16.880907,13.962955
16.892517,13.879599
16.904127,12.375968
16.915737,12.879829
16.927347,11.825553
16.938957,13.564045
16.950567,12.569448
16.962177,11.510051
16.973787,14.264794
16.985397,13.817375
16.997007,13.602017
17.008617,10.84627
17.020227,12.650816
17.031837,11.975016
17.043447,11.856689
17.055057,10.60409
17.066667,11.295708
17.078277,10.308235
17.089887,10.752761
17.101497,9.153757
17.113107,11.154058
17.124717,12.688297
17.136327,10.901283
17.147937,9.8215183
17.159546,10.236338
17.171156,10.778152
17.182766,9.1292498
17.194376,11.069238
17.205986,9.673888
17.217596,10.171903
17.229206,9.2621847
17.240816,9.9837855
17.252426,9.6681266
17.264036,9.2805731
17.275646,9.0864859
17.287256,13.565268
17.298866,14.330005
17.310476,15.49712
17.322086,14.220065
17.333696,15.022896
17.345306,13.44367
17.356916,14.048136
17.368526,12.445201
17.380136,12.97599
17.391746,11.556194
17.403356,12.556155
17.414966,10.363679
17.426576,10.841267
17.438186,8.6421293
17.449796,8.5548746
17.461406,12.936948
17.473016,18.418545
17.484626,17.016308
17.496236,16.829459
17.507846,15.587576
17.519456,16.165082
17.531066,17.222614
17.542676,16.01698
17.554286,15.542847
17.565896,15.639078
17.577506,14.642788
17.589116,14.618344
17.600726,15.01658
17.612336,13.819726
17.623946,13.76473
17.635556,14.433528
17.647166,13.693501
17.658776,13.666294
17.670385,12.677111
17.681995,11.917118
17.693605,12.589792
17.705215,11.756908
17.716825,11.396065
17.728435,11.676342
17.740045,10.838269
17.751655,10.672091
17.763265,11.346591
17.774875,11.396594
17.786485,11.66361
17.798095,10.988833
17.809705,14.851435
17.821315,12.111146
17.832925,9.011801
17.844535,12.247917
17.856145,10.112069
17.867755,7.9871869
17.879365,10.733393
17.890975,8.0013394
17.902585,6.9262355
17.914195,8.2742708
17.925805,8.2651211
17.937415,7.1228059
17.949025,8.1422435
17.960635,6.7305707
17.972245,6.0862425
17.983855,6.4941588
17.995465,6.1838083
18.007075,5.6017042
18.018685,5.6199198
18.030295,5.8662982
18.041905,5.6496358
18.053515,5.4795923
18.065125,5.6010765
18.076735,5.7147499
18.088345,5.3706069
18.099955,5.2793001
18.111565,5.1598305
18.123175,4.7761145
18.134785,5.4879528
18.146395,5.4618151
18.158005,4.5679853
18.169615,5.4177586
18.181224,5.1509953
18.192834,5.4556508
18.204444,5.2001438
18.216054,4.4175447
18.227664,4.9335893
18.239274,5.3591369
18.250884,5.2433093
18.262494,4.8134704
18.274104,4.4957923
18.285714,5.0270308
18.297324,5.4619217
18.308934,5.1577257
18.320544,4.5640822
18.332154,4.660669
18.343764,5.3649142
18.355374,5.5402328
18.366984,4.9290528
18.378594,4.4451098
18.390204,4.8303122
18.401814,5.4335768
18.413424,5.2418638
18.425034,4.5237939
18.436644,4.4199839
18.448254,5.1006091
18.459864,5.0884428
18.471474,3.8469289
18.483084,6.0897754
18.494694,8.8682519
18.506304,9.5822806
18.517914,9.2482434
18.529524,8.5759307
18.541134,8.893982
18.552744,8.834272
18.564354,8.7069368
18.575964,8.4431208
18.587574,8.2709674
18.599184,8.0618633
18.610794,7.8338369
18.622404,7.6615084
18.634014,7.6207034
18.645624,7.5025075
18.657234,7.5575241
18.668844,7.4700092
18.680454,7.1234614
18.692063,6.9001142
18.703673,6.7339401
18.715283,6.6642891
18.726893,6.4962688
18.738503,6.3111318
18.750113,6.2012578
18.761723,6.03393
18.773333,6.0092878
18.784943,6.0248631
18.796553,5.8970656
18.808163,5.8051099
18.819773,5.6590653
18.831383,5.4081505
18.842993,5.242931
18.854603,5.0638301
18.866213,4.9400494
18.877823,4.8880457
18.889433,4.9628624
18.901043,4.9438781
18.912653,4.9479836
18.924263,4.7250333
18.935873,4.2414796
18.947483,4.0091141
18.959093,4.747944
18.970703,8.5722478
18.982313,9.4693601
18.993923,9.96913
19.005533,9.9086032
19.017143,9.7772935
19.028753,9.9136612
19.040363,9.504279
19.051973,9.2730603
19.063583,9.1429278
19.075193,8.9652407
19.086803,8.8906495
19.098413,8.7547429
19.110023,8.5561543
19.121633,8.4373865
19.133243,8.1850561
19.144853,7.8794406
19.156463,7.8400891
19.168073,7.6072894
19.179683,7.406828
19.191293,7.5554403
19.202902,13.838391
19.214512,15.079297
19.226122,14.797028
19.237732,14.589317
19.249342,14.167865
19.260952,13.263687
19.272562,12.901656
19.284172,12.594323
19.295782,12.344631
19.307392,12.356602
19.319002,11.911323
19.330612,11.796409
19.342222,11.566771
19.353832,11.82754
19.365442,11.864994
19.377052,11.426168
19.388662,11.022602
19.400272,10.905636
19.411882,14.19663
19.423492,16.744455
19.435102,14.966252
19.446712,15.702197
19.458322,15.084232
19.469932,15.403111
19.481542,15.89872
19.493152,15.217503
19.504762,14.270103
19.516372,13.043985
19.527982,12.46489
19.539592,12.482223
19.551202,12.088364
19.562812,10.745023
19.574422,10.312855
19.586032,9.7761956
19.597642,9.7458216
19.609252,10.049534
19.620862,9.9122818
19.632472,9.3204211
19.644082,8.6944079
19.655692,8.4126794
19.667302,8.4307603
19.678912,8.1032011
19.690522,7.5817137
19.702132,7.1890055
19.713741,6.7172802
19.725351,6.6110958
19.736961,5.8271013
19.748571,5.249178
19.760181,5.05753
19.771791,5.1259052
19.783401,9.815448
19.795011,9.8386966
19.806621,9.101429
19.818231,9.4575366
19.829841,9.0059575
19.841451,8.7597949
19.853061,8.9571568
19.864671,8.3844351
19.876281,8.1619637
19.887891,8.4886997
19.899501,7.9127711
19.911111,7.51668
19.922721,6.9598686
19.934331,9.8469029
19.945941,11.151157
19.957551,9.2680137
19.969161,9.3655982
19.980771,8.908711
19.992381,8.4312844
20.003991,8.215562
20.015601,7.7199188
20.027211,7.8336377
20.038821,7.9222611
20.050431,7.6303369
20.062041,7.2048883
20.073651,6.373887
20.085261,9.4421833
20.096871,9.2959453
20.108481,9.5859069
20.120091,9.3901756
20.131701,9.2634698
20.143311,9.1235029
20.154921,8.5625349
20.166531,8.236441
20.178141,8.0670519
20.189751,7.7646295
20.201361,7.0179378
20.212971,6.2545
20.22458,6.9469862
20.23619,13.543946
20.2478,13.223475
20.25941,12.465933
20.27102,12.083538
20.28263,11.697172
20.29424,11.500933
20.30585,11.44116
20.31746,11.068063
20.32907,10.905315
20.34068,10.123976
20.35229,8.4868853
20.3639,7.6173153
20.37551,7.1621884
20.38712,6.6076297
20.39873,7.5105562
20.41034,6.9673863
20.42195,7.5403194
20.43356,6.527831
20.44517,6.6926441
20.45678,6.5262252
20.46839,6.7673101
20.48,6.6428636
20.49161,6.4996141
20.50322,6.5474667
20.51483,6.4392234
20.52644,6.2924975
20.53805,6.4669936
20.54966,6.5346315
20.56127,6.4552302
20.57288,6.4403313
20.58449,6.1107717
20.5961,5.7955071
20.60771,5.8467327
20.61932,5.9082039
20.63093,5.7138658
20.64254,5.5954779
20.65415,5.286687
20.66576,5.2251961
20.67737,5.3012271
20.68898,5.1571371
20.70059,4.8526963
20.7122,4.6413234
20.72381,4.5355375
20.73542,4.6401016
20.747029,4.6720381
20.758639,4.5364517
20.770249,4.1546346
20.781859,7.1843954
20.793469,16.494222
20.805079,16.465493
20.816689,16.480873
20.828299,15.27894
20.839909,15.212872
20.851519,15.418995
20.863129,15.046602
20.874739,14.516758
20.886349,14.462674
20.897959,14.198353
20.909569,13.891667
20.921179,13.946096
20.932789,13.60251
20.944399,13.442551
20.956009,13.132906
20.967619,12.764886
20.979229,12.455162
20.990839,11.743999
21.002449,11.34076
21.014059,10.880127
21.025669,10.308178
21.037279,9.7992618
21.048889,9.285615
21.060499,8.602
21.072109,7.9707043
21.083719,7.2717317
21.095329,7.6707218
21.106939,10.002114
21.118549,8.5962523
21.130159,8.5925161
21.141769,9.7683652
21.153379,10.94729
21.164989,10.772403
21.176599,9.9015366
21.188209,9.9422514
21.199819,9.6951679
21.211429,9.9081377
21.223039,9.6460548
21.234649,9.5031171
21.246259,8.8960751
21.257868,10.760424
21.269478,22.130279
21.281088,25.06989
21.292698,24.109704
21.304308,23.868854
21.315918,23.597548
21.327528,22.709635
21.339138,22.293044
21.350748,21.774629
21.362358,21.617568
21.373968,21.17112
21.385578,20.413476
21.397188,19.713437
21.408798,19.094924
21.420408,19.12472
21.432018,21.467905
21.443628,22.246758
21.455238,22.947075
21.466848,21.981596
21.478458,21.747287
21.490068,20.270332
21.501678,19.405074
21.513288,19.292079
21.524898,19.623639
21.536508,19.212539
21.548118,17.684745
21.559728,16.563296
21.571338,15.147823
21.582948,14.524745
21.594558,14.834932
21.606168,15.316784
21.617778,14.516505
21.629388,14.425488
21.640998,13.948452
21.652608,13.569803
21.664218,13.209419
21.675828,12.735776
21.687438,11.993798
21.699048,11.211343
21.710658,10.525653
21.722268,10.422718
21.733878,9.9000905
21.745488,9.1222872
21.757098,8.5236951
21.768707,9.9373219
21.780317,17.967518
21.791927,18.387718
21.803537,16.884831
21.815147,16.508321
21.826757,16.063391
21.838367,15.526575
21.849977,15.456234
21.861587,15.236038
21.873197,14.557191
21.884807,14.10223
21.896417,13.779567
21.908027,12.737106
21.919637,12.547962
21.931247,16.009345
21.942857,13.792302
21.954467,11.647039
21.966077,12.889933
21.977687,10.496808
21.989297,10.947974
22.000907,10.892129
22.012517,9.667711
22.024127,10.640899
22.035737,10.234993
22.047347,12.767385
22.058957,15.109249
22.070567,13.196627
22.082177,13.336858
22.093787,12.990368
22.105397,12.751173
22.117007,12.372488
22.128617,11.992242
22.140227,11.698914
22.151837,11.060189
22.163447,9.9155441
22.175057,8.8212001
22.186667,8.5183964
22.198277,8.244619
22.209887,8.940364
22.221497,8.0044447
22.233107,8.1219765
22.244717,8.216489
22.256327,7.4987944
22.267937,7.4538812
22.279546,6.8078076
22.291156,5.7139702
22.302766,5.5027406
22.314376,5.157816
22.325986,5.4876061
22.337596,7.3604807
22.349206,10.223052
22.360816,9.8318428
22.372426,9.9462407
22.384036,9.9269593
22.395646,9.5835685
22.407256,10.016732
22.418866,9.571798
22.430476,9.5042076
22.442086,9.3343187
22.453696,8.9100617
22.465306,9.1779243
22.476916,8.7391475
22.488526,8.9974973
22.500136,8.4394632
22.511746,8.2803448
22.523356,8.1432989
22.534966,7.5335547
22.546576,8.0233897
22.558186,7.4611258
22.569796,7.5558683
22.581406,7.3433579
22.593016,6.8426922
22.604626,7.1076667
22.616236,6.5491617
22.627846,6.5666855
22.639456,6.2314546
22.651066,6.2157725
22.662676,5.9159285
22.674286,5.9179196
22.685896,5.4136621
22.697506,5.4470808
22.709116,5.4015358
22.720726,4.9231508
22.732336,8.7935996
22.743946,15.556003
22.755556,18.863394
22.767166,19.234218
22.778776,17.695103
22.790385,16.811366
22.801995,16.564355
22.813605,16.679563
22.825215,16.385773
22.836825,16.295935
22.848435,16.568174
22.860045,15.854147
22.871655,15.643976
22.883265,15.228169
22.894875,14.82012
22.906485,14.480173
22.918095,14.31332
22.929705,14.423331
22.941315,14.001472
22.952925,14.012568
22.964535,13.63458
22.976145,13.356522
22.987755,13.267282
22.999365,12.946784
23.010975,10.021699
23.022585,7.6847995
23.034195,6.7685002
23.045805,6.0274734
23.057415,10.810652
23.069025,11.110072
23.080635,11.433433
23.092245,10.779219
23.103855,10.614213
23.115465,10.453416
23.127075,9.9639395
23.138685,9.5944303
23.150295,9.4174889
23.161905,9.3720191
23.173515,9.1117591
23.185125,9.0938522
23.196735,8.5213424
23.208345,7.9895854
23.219955,12.363107
23.231565,17.213819
23.243175,16.81825
23.254785,17.12829
23.266395,16.933847
23.278005,15.930793
23.289615,15.592626
23.301224,15.281468
23.312834,14.764736
23.324444,14.735969
23.336054,14.339286
23.347664,14.024373
23.359274,13.86241
23.370884,13.707921
23.382494,17.841942
23.394104,19.387088
23.405714,20.253745
23.417324,20.654404
23.428934,20.402859
23.440544,19.824857
23.452154,19.243473
23.463764,18.328907
23.475374,17.866826
23.486984,17.733624
23.498594,17.05052
23.510204,16.728468
23.521814,15.898316
23.533424,14.569416
23.545034,14.866938
23.556644,15.02063
23.568254,14.659899
23.579864,14.687411
23.591474,13.99722
23.603084,13.315078
23.614694,13.09893
23.626304,12.493045
23.637914,12.206091
23.649524,11.467897
23.661134,10.789205
23.672744,10.627748
23.684354,10.45197
23.695964,10.461117
23.707574,10.16436
23.719184,12.721564
23.730794,19.7362
23.742404,16.764227
23.754014,16.368602
23.765624,16.630682
23.777234,16.368765
23.788844,15.814662
23.800454,15.081197
23.812063,15.356208
23.823673,15.249085
23.835283,14.083716
23.846893,14.189379
23.858503,14.351484
23.870113,12.794798
23.881723,11.300318
23.893333,18.031066
23.904943,14.777758
23.916553,11.794682
23.928163,14.496665
23.939773,11.507753
23.951383,10.562048
23.962993,11.930696
23.974603,9.9224268
23.986213,10.272226
23.997823,9.6685064
24.009433,12.754413
24.021043,12.465736
24.032653,12.362593
24.044263,11.812484
24.055873,11.948003
24.067483,11.376278
24.079093,11.294252
24.090703,10.477166
24.102313,10.00073
24.113923,9.9279915
24.125533,9.2312238
24.137143,9.1610793
24.148753,9.7579658
24.160363,17.610945
24.171973,20.454993
24.183583,19.263271
24.195193,18.223555
24.206803,16.939217
24.218413,17.244719
24.230023,16.811686
24.241633,15.47932
24.253243,15.798669
24.264853,15.598418
24.276463,14.663795
24.288073,14.79252
24.299683,14.826104
24.311293,13.992961
24.322902,14.154853
24.334512,13.809367
24.346122,13.238443
24.357732,13.960306
24.369342,13.445941
24.380952,12.465871
24.392562,12.778817
24.404172,12.447105
24.415782,11.207575
24.427392,11.249643
24.439002,11.658677
24.450612,10.735123
24.462222,11.011227
24.473832,11.05608
24.485442,10.702865
24.497052,10.800781
24.508662,10.738505
24.520272,10.136429
24.531882,9.5257091
24.543492,9.7746779
24.555102,8.9316653
24.566712,9.0856074
24.578322,9.3182598
24.589932,8.5349516
24.601542,8.4301642
24.613152,8.1265001
24.624762,7.6295502
24.636372,7.4882715
24.647982,7.39395
24.659592,6.6978012
24.671202,6.8430076
24.682812,6.9646624
24.694422,6.4622957
24.706032,7.1135081
24.717642,6.7762378
24.729252,10.270582
24.740862,13.984991
24.752472,14.484536
24.764082,14.100779
24.775692,14.356412
24.787302,14.333549
24.798912,14.255762
24.810522,14.618297
24.822132,14.258543
24.833741,14.142491
24.845351,14.278622
24.856961,14.113545
24.868571,14.068388
24.880181,14.10561
24.891791,14.206592
24.903401,13.850179
24.915011,13.816494
24.926621,13.565564
24.938231,13.381926
24.949841,13.240437
24.961451,13.065017
24.973061,12.677215
24.984671,12.305142
24.996281,12.317092
25.007891,11.871914
25.019501,11.364499
25.031111,11.098962
25.042721,10.811499
25.054331,10.211428
25.065941,10.360802
25.077551,10.087719
25.089161,9.2174717
25.100771,8.7585001
25.112381,9.1909969
25.123991,9.095896
25.135601,8.1323972
25.147211,8.1347116
25.158821,8.0536752
25.170431,8.1095146
25.182041,7.8027696
25.193651,7.8902493
25.205261,7.4761302
25.216871,7.3594303
25.228481,7.1033735
25.240091,6.6354838
25.251701,10.968159
25.263311,13.286732
25.274921,13.034531
25.286531,13.240473
25.298141,12.870942
25.309751,12.260894
25.321361,12.080999
25.332971,11.736744
25.34458,11.529663
25.35619,11.462477
25.3678,11.141893
25.37941,10.867123
25.39102,10.668022
25.40263,10.853194
25.41424,11.023609
25.42585,12.024316
25.43746,15.440194
25.44907,17.363619
25.46068,15.507003
25.47229,15.469123
25.4839,15.395601
25.49551,15.046619
25.50712,15.539369
25.51873,15.239092
25.53034,14.783862
25.54195,13.682638
25.55356,12.520707
25.56517,12.165679
25.57678,11.763903
25.58839,10.626276
25.6,10.337397
25.61161,10.212786
25.62322,10.063804
25.63483,10.078917
25.64644,9.8437868
25.65805,9.1279981
25.66966,8.7934382
25.68127,8.4693142
25.69288,8.1081874
25.70449,7.4754088
25.7161,6.8163673
25.72771,6.7222438
25.73932,6.2836973
25.75093,5.9170458
25.76254,5.4659886
25.77415,5.4179082
25.78576,11.209619
25.79737,12.190926
25.80898,11.352564
25.82059,11.553515
25.8322,10.906634
25.84381,10.443109
25.85542,10.672031
25.867029,10.231406
25.878639,9.5392979
25.890249,10.032619
25.901859,9.858664
25.913469,9.0581882
25.925079,9.6095989
25.936689,11.412748
25.948299,12.456804
25.959909,9.4878765
25.971519,8.3208348
25.983129,9.7936826
25.994739,6.933744
26.006349,7.6914513
26.017959,7.1056223
26.029569,6.0345084
26.041179,6.6541535
26.052789,6.1545925
26.064399,6.1053492
26.076009,6.540507
26.087619,7.5362219
26.099229,6.9648892
26.110839,7.554783
26.122449,6.4381206
26.134059,5.5079252
26.145669,5.9164882
26.157279,5.0152334
26.168889,4.9431787
26.180499,4.8794595
26.192109,3.9425034
26.203719,3.88398
26.215329,3.9627811
26.226939,5.9257259
26.238549,6.3515863
26.250159,5.9372385
26.261769,6.2174185
26.273379,5.5795752
26.284989,5.5968842
26.296599,4.8015458
26.308209,4.6917342
26.319819,4.8400426
26.331429,4.6701024
26.343039,6.5663244
26.354649,5.5317986
26.366259,4.831388
26.377868,4.2087079
26.389478,4.1279847
26.401088,5.916123
26.412698,5.7973157
26.424308,5.6512921
26.435918,5.4338612
26.447528,5.2774863
26.459138,5.6193075
26.470748,5.2308583
26.482358,5.4544817
26.493968,5.1718496
26.505578,4.9554712
26.517188,5.1387519
26.528798,4.9186784
26.540408,5.1517743
26.552018,4.8677531
26.563628,4.8642563
26.575238,4.954883
26.586848,4.7084985
26.598458,4.795689
26.610068,4.4524367
26.621678,4.286609
26.633288,3.9730035
26.644898,4.0042455
26.656508,4.0281289
26.668118,3.881452
26.679728,3.9194409
26.691338,3.5208958
26.702948,3.6224719
26.714558,3.6338309
26.726168,3.4188922
26.737778,3.5587658
26.749388,3.2921906
26.760998,3.0740073
26.772608,3.3910556
26.784218,2.9881986
26.795828,3.0537518
26.807438,3.2552062
26.819048,2.8963859
26.830658,2.7972316
26.842268,2.8429936
26.853878,2.633031
26.865488,2.590832
26.877098,3.0570142
26.888707,2.6380266
26.900317,2.5027906
26.911927,2.5278752
26.923537,2.6678932
26.935147,2.7026071
26.946757,2.7439862
26.958367,2.4541684
26.969977,6.2104172
26.981587,8.6494539
26.993197,9.7443994
27.004807,9.312063
27.016417,8.5399656
27.028027,8.457595
27.039637,8.3201062
27.051247,8.2396841
27.062857,7.9848335
27.074467,7.7403609
27.086077,7.3206868
27.097687,7.1081277
27.109297,6.95804
27.120907,6.8761031
27.132517,7.0181161
27.144127,6.6938358
27.155737,6.8040643
27.167347,6.6746413
27.178957,6.5081288
27.190567,6.5090021
27.202177,6.2605201
27.213787,6.3694229
27.225397,6.1947709
27.237007,6.1600025
27.248617,5.9434467
27.260227,5.7903429
27.271837,5.8346591
27.283447,5.6442074
27.295057,5.5866147
27.306667,5.3596515
27.318277,5.1467184
27.329887,5.015805
27.341497,4.7083964
27.353107,4.6451767
27.364717,4.404854
27.376327,4.3952956
27.387937,4.2134596
27.399546,4.024224
27.411156,3.8950721
27.422766,3.6267049
27.434376,3.4703526
27.445986,3.2055719
27.457596,3.1500906
27.469206,3.2107068
27.480816,3.3028319
27.492426,3.3400958
27.504036,2.9729829
27.515646,3.2327978
27.527256,2.9916075
27.538866,2.7935818
27.550476,3.7718456
27.562086,11.243953
27.573696,12.357686
27.585306,12.452976
27.596916,11.226174
27.608526,10.451949
27.620136,9.7198162
27.631746,9.3766012
27.643356,8.929889
27.654966,8.9011898
27.666576,8.8671743
27.678186,8.9725122
27.689796,9.1597727
27.701406,9.0258207
27.713016,9.145194
27.724626,9.3520088
27.736236,9.1739081
27.747846,9.0485163
27.759456,8.8796481
27.771066,8.7277499
27.782676,8.5917165
27.794286,8.5027381
27.805896,8.3298234
27.817506,8.1474396
27.829116,7.9414676
27.840726,7.7774792
27.852336,7.6265451
27.863946,7.3812997
27.875556,7.0014927
27.887166,6.6158939
27.898776,6.3868346
27.910385,6.224604
27.921995,6.0144051
27.933605,5.8862441
27.945215,8.4127703
27.956825,14.899235
27.968435,17.155919
27.980045,17.486701
27.991655,16.521296
28.003265,16.172573
28.014875,16.140826
28.026485,15.473743
28.038095,15.564234
28.049705,16.884772
28.061315,11.468162
28.072925,17.776448
28.084535,19.217204
28.096145,11.211511
28.107755,18.175272
28.119365,17.556191
28.130975,10.610617
28.142585,18.431352
28.154195,19.898367
28.165805,15.045062
28.177415,21.41105
28.189025,18.553132
28.200635,15.874442
28.212245,19.28212
28.223855,16.070975
28.235465,16.949723
28.247075,18.319385
28.258685,16.789232
28.270295,15.221045
28.281905,15.350183
28.293515,13.414289
28.305125,14.697009
28.316735,12.520657
28.328345,11.98075
28.339955,14.232992
28.351565,10.361927
28.363175,11.042872
28.374785,12.636786
28.386395,12.234335
28.398005,20.045934
28.409615,23.337494
28.421224,20.991979
28.432834,20.990343
28.444444,21.206442
28.456054,19.218004
28.467664,19.068785
28.479274,19.802591
28.490884,18.394454
28.502494,17.22415
28.514104,16.683918
28.525714,14.35357
28.537324,15.048757
28.548934,23.91776
28.560544,25.3431
28.572154,24.235468
28.583764,23.478468
28.595374,22.889355
28.606984,21.900154
28.618594,21.063567
28.630204,20.43024
28.641814,20.680111
28.653424,19.961192
28.665034,18.780653
28.676644,18.041689
28.688254,17.437553
28.699864,17.717413
28.711474,17.42753
28.723084,16.652439
28.734694,16.937151
28.746304,21.279038
28.757914,22.88376
28.769524,21.384653
28.781134,20.456237
28.792744,19.75404
28.804354,19.857039
28.815964,20.232336
28.827574,19.586536
28.839184,18.548482
28.850794,16.915025
28.862404,15.455217
28.874014,14.688242
28.885624,14.419716
28.897234,13.44393
28.908844,13.467072
28.920454,13.15396
28.932063,15.188071
28.943673,16.18427
28.955283,15.909636
28.966893,15.412473
28.978503,14.757035
28.990113,14.376282
29.001723,14.291322
29.013333,13.834987
29.024943,13.436727
29.036553,13.287914
29.048163,13.041421
29.059773,12.866377
29.071383,12.635289
29.082993,13.101695
29.094603,13.083409
29.106213,12.711214
29.117823,12.413915
29.129433,12.411186
29.141043,12.399962
29.152653,12.572531
29.164263,12.068588
29.175873,11.877118
29.187483,11.635943
29.199093,11.806968
29.210703,11.657971
29.222313,11.569905
29.233923,13.157597
29.245533,19.36692
29.257143,15.450213
29.268753,17.525095
29.280363,16.685021
29.291973,12.14343
29.303583,16.96313
29.315193,14.343169
29.326803,19.088637
29.338413,19.19401
29.350023,22.243562
29.361633,18.590994
29.373243,15.592727
29.384853,22.03945
29.396463,23.002724
29.408073,20.06844
29.419683,16.408398
29.431293,17.338629
29.442902,18.525843
29.454512,15.240591
29.466122,16.41002
29.477732,17.563939
29.489342,13.562195
29.500952,17.613337
29.512562,17.568779
29.524172,17.387363
29.535782,15.66946
29.547392,15.495185
29.559002,16.377029
29.570612,20.697228
29.582222,19.72826
29.593832,18.14816
29.605442,17.532004
29.617052,15.738401
29.628662,16.368255
29.640272,16.186956
29.651882,15.14786
29.663492,20.672442
29.675102,20.356388
29.686712,20.380393
29.698322,20.103075
29.709932,19.948985
29.721542,20.404376
29.733152,20.939308
29.744762,19.843603
29.756372,17.450219
29.767982,16.559693
29.779592,17.571444
29.791202,16.941066
29.802812,14.773818
29.814422,14.17677
29.826032,16.340981
29.837642,22.464098
29.849252,27.641455
29.860862,26.815225
29.872472,22.459147
29.884082,20.987584
29.895692,22.554558
29.907302,21.17782
29.918912,19.441435
29.930522,19.89883
29.942132,19.583762
29.953741,17.405886
29.965351,15.949318
29.976961,14.358037
29.988571,12.767497
30.000181,12.81459
30.011791,16.384894
30.023401,14.614059
30.035011,13.830052
30.046621,13.553009
30.058231,12.478011
30.069841,11.25441
30.081451,11.038287
30.093061,10.65562
30.104671,10.587937
30.116281,10.65688
30.127891,10.269123
30.139501,10.100263
30.151111,10.091801
30.162721,10.083939
30.174331,9.9474963
30.185941,9.5975177
30.197551,9.1064415
30.209161,9.1174029
30.220771,8.7992827
30.232381,8.8343593
30.243991,8.2118413
30.255601,8.1301524
30.267211,8.1642221
30.278821,8.0012147
30.290431,8.2146319
30.302041,8.4069772
30.313651,8.6180859
30.325261,13.739328
30.336871,12.611513
30.348481,13.484354
30.360091,12.205986
30.371701,11.771799
30.383311,11.879011
30.394921,10.083572
30.406531,11.498789
30.418141,15.182549
30.429751,13.581076
30.441361,15.706037
30.452971,14.290439
30.46458,10.453593
30.47619,15.896527
30.4878,16.701937
30.49941,16.028822
30.51102,15.258514
30.52263,14.677681
30.53424,14.707774
30.54585,13.742735
30.55746,14.106864
30.56907,12.881644
30.58068,13.652549
30.59229,15.121933
30.6039,11.409394
30.61551,14.041706
30.62712,12.874687
30.63873,11.71612
30.65034,12.112324
30.66195,13.24857
30.67356,11.22249
30.68517,12.521606
30.69678,11.266244
30.70839,11.156871
30.72,13.634774
30.73161,17.60916
30.74322,23.232679
30.75483,21.535987
30.76644,18.963827
30.77805,19.257848
30.78966,19.525652
30.80127,18.649983
30.81288,18.637706
30.82449,17.931348
30.8361,17.374847
30.84771,17.495484
30.85932,16.822643
30.87093,16.154012
30.88254,16.028416
30.89415,15.447945
30.90576,15.953518
30.91737,15.274272
30.92898,12.001603
30.94059,16.444737
30.9522,14.754631
30.96381,10.575056
30.97542,13.305187
30.987029,11.357237
30.998639,9.9962226
31.010249,11.788646
31.021859,10.003007
31.033469,10.116682
31.045079,10.967757
31.056689,9.371019
31.068299,8.8515406
31.079909,8.2856881
31.091519,7.8485028
31.103129,8.0833331
31.114739,8.1837153
31.126349,7.6854934
31.137959,7.1804867
31.149569,6.746412
31.161179,6.2625297
31.172789,5.4096074
31.184399,7.0175132
31.196009,5.600977
31.207619,6.1123941
31.219229,6.4989168
31.230839,5.3443943
31.242449,6.1334949
31.254059,6.0828242
31.265669,6.241302
31.277279,5.9658466
31.288889,4.8206339
31.300499,5.6668877
31.312109,6.1775124
31.323719,5.9058254
31.335329,5.9419247
31.346939,5.1265953
31.358549,5.7151302
31.370159,6.1241851
31.381769,5.4930875
31.393379,5.1426225
31.404989,5.2823045
31.416599,5.7230051
31.428209,5.8266726
31.439819,5.2111389
31.451429,4.8893857
31.463039,7.1217116
31.474649,14.152983
31.486259,18.583756
31.497868,19.606298
31.509478,18.415853
31.521088,16.990141
31.532698,16.692997
31.544308,16.958262
31.555918,16.625426
31.567528,16.148819
31.579138,15.596418
31.590748,15.267468
31.602358,14.929604
31.613968,14.737967
31.625578,14.565785
31.637188,14.444774
31.648798,14.493123
31.660408,14.423863
31.672018,14.094366
31.683628,13.813621
31.695238,13.450262
31.706848,13.317353
31.718458,13.243316
31.730068,13.221992
31.741678,12.953331
31.753288,12.591655
31.764898,12.386112
31.776508,12.167448
31.788118,12.037273
31.799728,11.693223
31.811338,11.465718
31.822948,17.725355
31.834558,19.827502
31.846168,19.44664
31.857778,18.638734
31.869388,16.748859
31.880998,15.833349
31.892608,16.319697
31.904218,15.462693
31.915828,15.260297
31.927438,15.200048
31.939048,15.286789
31.950658,15.66751
31.962268,15.36655
31.973878,15.35827
31.985488,15.119663
31.997098,14.913477
32.008707,14.609608
32.020317,14.221027
32.031927,13.969366
32.043537,13.658027
32.055147,13.658406
32.066757,13.49866
32.078367,12.767062
32.089977,12.677527
32.101587,11.806622
32.113197,11.792132
32.124807,11.508969
32.136417,11.493959
32.148027,11.161925
32.159637,10.080499
32.171247,17.239029
32.182857,21.322749
32.194467,23.12499
32.206077,22.347271
32.217687,20.835511
32.229297,21.189211
32.240907,20.438862
32.252517,19.72754
32.264127,19.524317
32.275737,18.669349
32.287347,19.205781
32.298957,20.616735
32.310567,24.878124
32.322177,16.401385
32.333787,21.174223
32.345397,23.576531
32.357007,15.750138
32.368617,21.521811
32.380227,21.260738
32.391837,14.176581
32.403447,14.397231
32.415057,19.419557
32.426667,20.408792
32.438277,12.258515
32.449887,20.133783
32.461497,20.601543
32.473107,16.329765
32.484717,19.220677
32.496327,16.838
32.507937,16.110247
32.519546,17.678044
32.531156,13.369563
32.542766,16.186387
32.554376,17.238414
32.565986,11.822528
32.577596,16.075143
32.589206,16.132541
32.600816,11.072565
32.612426,17.690538
32.624036,26.151705
32.635646,25.588914
32.647256,22.155807
32.658866,24.401099
32.670476,22.319241
32.682086,20.571424
32.693696,21.76169
32.705306,20.723299
32.716916,17.357927
32.728526,16.367447
32.740136,14.469387
32.751746,12.105085
32.763356,15.073223
32.774966,23.911452
32.786576,23.354364
32.798186,22.85615
32.809796,22.84192
32.821406,22.365419
32.833016,21.597687
32.844626,20.668849
32.856236,20.24011
32.867846,20.534405
32.879456,19.961724
32.891066,18.823919
32.902676,18.623628
32.914286,18.026992
32.925896,18.516606
32.937506,18.586042
32.949116,18.037204
32.960726,17.713658
32.972336,16.607302
32.983946,15.552434
32.995556,15.16966
33.007166,15.247839
33.018776,14.828507
33.030385,22.54105
33.041995,21.413765
33.053605,19.85657
33.065215,20.67484
33.076825,21.820101
33.088435,21.16494
33.100045,20.137903
33.111655,19.358644
33.123265,19.304359
33.134875,18.78634
33.146485,17.81032
33.158095,17.447285
33.169705,16.496384
33.181315,16.544988
33.192925,15.857681
33.204535,16.240375
33.216145,14.732854
33.227755,15.776255
33.239365,13.846703
33.250975,15.139742
33.262585,12.981195
33.274195,14.604266
33.285805,12.257956
33.297415,14.011399
33.309025,11.882291
33.320635,13.063665
33.332245,11.58674
33.343855,13.275364
33.355465,17.126253
33.367075,18.91497
33.378685,15.734212
33.390295,15.872547
33.401905,16.158839
33.413515,13.039024
33.425125,15.859111
33.436735,12.871398
33.448345,13.671943
33.459955,14.466143
33.471565,12.14224
33.483175,15.007933
33.494785,12.275831
33.506395,19.466448
33.518005,19.693422
33.529615,18.745843
33.541224,18.197033
33.552834,17.020774
33.564444,16.075437
33.576054,17.301613
33.587664,17.872479
33.599274,15.241182
33.610884,17.010796
33.622494,14.490613
33.634104,13.572951
33.645714,13.934626
33.657324,11.888347
33.668934,13.067212
33.680544,13.935569
33.692154,13.813028
33.703764,12.757661
33.715374,12.757821
33.726984,13.044071
33.738594,14.0493
33.750204,16.075157
33.761814,17.23042
33.773424,16.128114
33.785034,14.488125
33.796644,13.808132
33.808254,15.966863
33.819864,20.094907
33.831474,20.136432
33.843084,21.931062
33.854694,21.834645
33.866304,19.812315
33.877914,17.832569
33.889524,18.754098
33.901134,19.449325
33.912744,17.825256
33.924354,15.926587
33.935964,15.101449
33.947574,12.26778
33.959184,13.3757
33.970794,12.916913
33.982404,12.74967
33.994014,12.546434
34.005624,13.1288
34.017234,21.189355
34.028844,21.377038
34.040454,18.794546
34.052063,18.391832
34.063673,17.564004
34.075283,16.920629
34.086893,16.606336
34.098503,16.085979
34.110113,15.869981
34.121723,15.686189
34.133333,13.921319
34.144943,12.358287
34.156553,11.679488
34.168163,10.79657
34.179773,10.35861
34.191383,10.965664
34.202993,11.067091
34.214603,11.795728
34.226213,10.181824
34.237823,10.591892
34.249433,11.366933
34.261043,9.7453241
34.272653,9.6835264
34.284263,9.8356252
34.295873,10.853185
34.307483,10.002267
34.319093,9.1880642
34.330703,9.4801224
34.342313,9.3664668
34.353923,9.3632357
34.365533,9.6781129
34.377143,11.703898
34.388753,11.235741
34.400363,10.950902
34.411973,10.79451
34.423583,10.397537
34.435193,10.114318
34.446803,9.8703038
34.458413,8.9492825
34.470023,8.6598162
34.481633,7.8478267
34.493243,6.8293605
34.504853,7.386976
34.516463,7.0286847
34.528073,9.9682122
34.539683,8.8640179
34.551293,8.9300039
34.562902,8.2333667
34.574512,8.2954822
34.586122,7.8035616
34.597732,7.3155509
34.609342,8.492471
34.620952,7.2387129
34.632562,7.2797654
34.644172,6.3364192
34.655782,7.9814496
34.667392,6.697044
34.679002,7.2178004
34.690612,7.2366402
34.702222,10.695575
34.713832,9.9835239
34.725442,10.398428
34.737052,9.3153013
34.748662,9.9864811
34.760272,8.5277343
34.771882,9.3516452
34.783492,8.080151
34.795102,9.01398
34.806712,7.1429452
34.818322,8.2000435
34.829932,5.9545242
34.841542,6.9137219
34.853152,5.3465655
34.864762,5.8773962
34.876372,9.7089245
34.887982,12.617421
34.899592,11.829867
34.911202,11.240849
34.922812,11.405935
34.934422,10.404094
34.946032,11.100041
34.957642,11.2642
34.969252,10.472898
34.980862,10.512655
34.992472,10.424417
35.004082,9.8040079
35.015692,10.43492
35.027302,10.493614
35.038912,9.4601439
35.050522,9.8614418
35.062132,10.116129
35.073741,8.7115177
35.085351,8.8373161
35.096961,8.6084457
35.108571,7.6193958
35.120181,7.8839657
35.131791,8.1234376
35.143401,7.051148
35.155011,7.5775589
35.166621,7.084626
35.178231,6.382057
35.189841,7.5447646
35.201451,9.6079237
35.213061,8.5727068
35.224671,10.784326
35.236281,9.3693535
35.247891,7.7564741
35.259501,8.8443962
35.271111,7.292774
35.282721,7.4847547
35.294331,7.3784945
35.305941,6.536333
35.317551,6.8969794
35.329161,6.5509204
35.340771,4.7536964
35.352381,4.4662393
35.363991,4.0758888
35.375601,5.2815307
35.387211,4.4732169
35.398821,4.5976029
35.410431,5.6379512
35.422041,5.0704411
35.433651,4.390591
35.445261,5.2680265
35.456871,5.3194158
35.468481,4.1102193
35.480091,4.2205863
35.491701,4.9549384
35.503311,3.8378105
35.514921,4.1874507
35.526531,4.3298595
35.538141,3.8361643
35.549751,4.5821227
35.561361,3.8299333
35.572971,4.4810854
35.58458,4.4693817
35.59619,3.3417825
35.6078,4.5134813
35.61941,3.7794424
35.63102,4.1497992
35.64263,4.3278603
35.65424,3.5023254
35.66585,4.2510048
35.67746,3.8564227
35.68907,4.0363593
35.70068,3.8971911
35.71229,3.03856
35.7239,3.9512125
35.73551,4.0999079
35.74712,3.5509709
35.75873,3.7455847
35.77034,3.4497663
35.78195,4.0849978
35.79356,4.0922825
35.80517,3.5670353
35.81678,3.7052302
35.82839,3.7248299
35.84,4.1125002
35.85161,3.782824
35.86322,3.4439796
35.87483,3.6280218
35.88644,3.760248
35.89805,4.1066204
35.90966,3.5023651
35.92127,2.9048009
35.93288,4.5940241
35.94449,6.2082371
35.9561,6.687466
35.96771,6.2508253
35.97932,5.6349915
35.99093,5.6540148
36.00254,5.7019848
36.01415,5.7000212
36.02576,5.5435674
36.03737,5.4166916
36.04898,5.1934748
36.06059,5.0671353
36.0722,5.11477
36.08381,5.0697992
36.09542,4.8525404
36.107029,4.8642923
36.118639,4.8191903
36.130249,4.9548554
36.141859,4.8388466
36.153469,4.736138
36.165079,4.6584959
36.176689,4.6084906
36.188299,4.6011501
36.199909,4.5711065
36.211519,4.3819303
36.223129,4.2593773
36.234739,4.1433948
36.246349,4.2023525
36.257959,4.1625109
36.269569,3.9828844
36.281179,3.8196573
36.292789,3.7082224
36.304399,3.6509325
36.316009,3.6632308
36.327619,3.607653
36.339229,3.3944055
36.350839,3.2737011
36.362449,3.2161139
36.374059,3.1724386
36.385669,3.1631538
36.397279,3.0795169
36.408889,2.7569691
36.420499,2.6985269
36.432109,2.6449022
36.443719,2.4895397
36.455329,3.2788489
36.466939,8.4722499
36.478549,8.739482
36.490159,8.8305468
36.501769,7.629439
36.513379,6.4944434
36.524989,6.1172505
36.536599,6.1127591
36.548209,6.2652808
36.559819,6.2572933
36.571429,6.2795156
36.583039,6.5147277
36.594649,6.4278699
36.606259,6.7007405
36.617868,6.8062074
36.629478,6.9993455
36.641088,7.0071806
36.652698,7.0790545
36.664308,7.1162125
36.675918,7.1927536
36.687528,7.097535
36.699138,7.110817
36.710748,6.9035563
36.722358,9.5249367
36.733968,12.143813
36.745578,11.653527
36.757188,11.729711
36.768798,11.40769
36.780408,10.651802
36.792018,10.264553
36.803628,10.165309
36.815238,10.040916
36.826848,9.888416
36.838458,9.5670908
36.850068,9.3778443
36.861678,9.1546169
36.873288,9.1952592
36.884898,9.2811846
36.896508,9.0785582
36.908118,7.9244779
36.919728,7.0857443
36.931338,11.966051
36.942948,14.935292
36.954558,14.036558
36.966168,14.958483
36.977778,14.689571
36.989388,14.540311
37.000998,14.336173
37.012608,13.728479
37.024218,13.383876
37.035828,12.77429
37.047438,12.021651
37.059048,11.280612
37.070658,10.560886
37.082268,9.6387659
37.093878,9.8596802
37.105488,9.8605398
37.117098,9.5087587
37.128707,9.3472367
37.140317,9.0929875
37.151927,8.4360927
37.163537,8.1791039
37.175147,7.7628197
37.186757,7.6276733
37.198367,7.1676591
37.209977,6.6041285
37.221587,6.4011823
37.233197,5.8925362
37.244807,5.4336459
37.256417,4.7678619
37.268027,4.130922
37.279637,3.905704
37.291247,3.5227619
37.302857,3.4216808
37.314467,4.5503951
37.326077,9.3974106
37.337687,10.037506
37.349297,10.060048
37.360907,8.8003655
37.372517,8.839212
37.384127,9.3103512
37.395737,8.6020475
37.407347,8.3269731
37.418957,8.3459849
37.430567,8.058744
37.442177,7.6806798
37.453787,8.2908884
37.465397,8.1356151
37.477007,7.8070579
37.488617,9.0585799
37.500227,10.598926
37.511837,8.1711657
37.523447,8.3710966
37.535057,7.9501645
37.546667,6.9986265
37.558277,7.1442964
37.569887,6.720221
37.581497,6.7425246
37.593107,6.8795106
37.604717,6.2440349
37.616327,5.6197909
37.627937,5.4469907
37.639546,6.1543687
37.651156,6.1284489
37.662766,6.0262827
37.674376,5.7117495
37.685986,5.709786
37.697596,5.3690018
37.709206,5.1198432
37.720816,5.0428896
37.732426,5.2144491
37.744036,4.5083176
37.755646,4.2490989
37.767256,3.8372749
37.778866,9.7018808
37.790476,11.506315
37.802086,10.619223
37.813696,10.210318
37.825306,10.162159
37.836916,9.7423313
37.848526,9.5720557
37.860136,9.6089816
37.871746,9.1761163
37.883356,9.0727985
37.894966,8.9935037
37.906576,8.8295027
37.918186,8.414782
37.929796,8.2155169
37.941406,8.6998765
37.953016,8.5767536
37.964626,8.6788212
37.976236,8.409653
37.987846,8.0500923
37.999456,8.0629193
38.011066,8.2102392
38.022676,6.9566682
38.034286,6.5216833
38.045896,6.1058807
38.057506,5.6189448
38.069116,5.5675864
38.080726,5.4352189
38.092336,5.1395864
38.103946,5.0526549
38.115556,4.8544593
38.127166,4.9566679
38.138776,4.932047
38.150385,5.2095771
38.161995,4.7780721
38.173605,4.4373019
38.185215,4.6220623
38.196825,4.501407
38.208435,4.3928451
38.220045,4.6036721
38.231655,3.9035846
38.243265,3.953538
38.254875,4.2073696
38.266485,3.7724988
38.278095,3.7847016
38.289705,3.8424697
38.301315,3.4648136
38.312925,4.1947917
38.324535,11.490032
38.336145,13.788494
38.347755,13.70424
38.359365,11.118592
38.370975,9.7146939
38.382585,9.0707773
38.394195,8.5847976
38.405805,7.7161542
38.417415,7.3487764
38.429025,7.2281999
38.440635,7.156337
38.452245,7.0965185
38.463855,7.1633495
38.475465,7.7313922
38.487075,8.2666832
38.498685,8.3546878
38.510295,8.4374323
38.521905,8.791921
38.533515,9.0452223
38.545125,9.0607086
38.556735,9.3591681
38.568345,9.341025
38.579955,9.3672498
38.591565,9.55227
38.603175,9.5441368
38.614785,9.281596
38.626395,9.087571
38.638005,11.665945
38.649615,10.618011
38.661224,9.6333274
38.672834,9.4340158
38.684444,8.7187145
38.696054,9.2142011
38.707664,10.266676
38.719274,9.689383
38.730884,9.5035365
38.742494,8.4787347
38.754104,8.9096023
38.765714,8.1033266
38.777324,8.3503605
38.788934,7.6841046
38.800544,7.9186315
38.812154,11.748912
38.823764,20.206432
38.835374,20.786559
38.846984,20.152026
38.858594,19.657258
38.870204,19.303691
38.881814,18.777463
38.893424,18.395854
38.905034,17.863074
38.916644,18.027566
38.928254,17.317181
38.939864,16.860049
38.951474,16.666854
38.963084,16.57844
38.974694,16.762729
38.986304,16.848749
38.997914,17.822279
39.009524,20.95245
39.021134,21.708642
39.032744,19.999133
39.044354,19.514086
39.055964,18.394862
39.067574,18.183499
39.079184,18.999182
39.090794,18.916554
39.102404,18.253118
39.114014,17.380049
39.125624,16.209597
39.137234,15.526863
39.148844,14.860946
39.160454,14.3003
39.172063,14.252824
39.183673,13.710343
39.195283,13.247886
39.206893,13.191064
39.218503,12.299865
39.230113,11.668654
39.241723,11.176244
39.253333,10.475373
39.264943,10.056209
39.276553,9.8780938
39.288163,9.5634719
39.299773,9.5747615
39.311383,9.2633906
39.322993,8.9233259
39.334603,8.5971405
39.346213,8.686569
39.357823,11.981902
39.369433,13.022571
39.381043,13.488258
39.392653,15.075207
39.404263,13.300612
39.415873,12.10278
39.427483,12.635627
39.439093,12.516247
39.450703,12.164026
39.462313,11.449148
39.473923,11.374379
39.485533,12.125666
39.497143,11.553967
39.508753,11.521638
39.520363,15.04963
39.531973,10.257857
39.543583,10.375367
39.555193,11.615725
39.566803,9.0490904
39.578413,10.112363
39.590023,9.4434779
39.601633,8.6357074
39.613243,9.3349892
39.624853,8.5124344
39.636463,9.2814971
39.648073,10.609215
39.659683,10.00346
39.671293,9.5667231
39.682902,9.1970701
39.694512,8.6221656
39.706122,8.3804628
39.717732,7.9836469
39.729342,7.6559968
39.740952,7.4548144
39.752562,6.7936147
39.764172,6.2827621
39.775782,5.8832745
39.787392,6.7441233
39.799002,8.0698626
39.810612,7.7630077
39.822222,8.0477588
39.833832,7.149888
39.845442,7.0027328
39.857052,6.7378713
39.868662,6.2576628
39.880272,5.8220239
39.891882,5.8097398
39.903492,6.0285014
39.915102,5.330317
39.926712,6.4478966
39.938322,10.226548
39.949932,10.809426
39.961542,11.248225
39.973152,10.742025
39.984762,10.791423
39.996372,10.638382
40.007982,10.286001
40.019592,10.188466
40.031202,8.7629863
40.042812,8.3595519
40.054422,9.3003848
40.066032,9.3395531
40.077642,9.2046891
40.089252,8.9836323
40.100862,8.5407426
40.112472,8.9694119
40.124082,8.2820513
40.135692,8.0587819
40.147302,8.1446892
40.158912,7.5844245
40.170522,7.885578
40.182132,7.4962498
40.193741,7.6076021
40.205351,7.121725
40.216961,6.4133776
40.228571,6.4841794
40.240181,5.9620234
40.251791,6.0552137
40.263401,5.746062
40.275011,5.3599203
40.286621,5.4063603
40.298231,4.817655
40.309841,5.9908577
40.321451,11.808166
40.333061,15.879287
40.344671,16.853437
40.356281,16.42461
40.367891,14.70162
40.379501,14.725207
40.391111,14.812116
40.402721,14.1722
40.414331,14.096473
40.425941,12.983267
40.437551,12.923383
40.449161,12.681571
40.460771,12.507456
40.472381,12.62914
40.483991,11.836678
40.495601,12.156152
40.507211,12.136316
40.518821,11.811626
40.530431,11.767672
40.542041,11.210318
40.553651,10.965182
40.565261,10.768747
40.576871,11.027283
40.588481,10.945394
40.600091,10.752059
40.611701,10.391834
40.623311,10.185039
40.634921,10.047079
40.646531,9.0944612
40.658141,7.6777551
40.669751,6.0441202
40.681361,10.435128
40.692971,15.856986
40.70458,15.02099
40.71619,14.959916
40.7278,14.195871
40.73941,13.649923
40.75102,13.584984
40.76263,12.841151
40.77424,12.377214
40.78585,11.934705
40.79746,11.756915
40.80907,11.69924
40.82068,11.539081
40.83229,11.044294
40.8439,11.163379
40.85551,10.858629
40.86712,10.718338
40.87873,10.745796
40.89034,16.498188
40.90195,18.264027
40.91356,17.719999
40.92517,17.51931
40.93678,16.886958
40.94839,15.807122
40.96,15.487911
40.97161,15.190589
40.98322,14.96745
40.99483,14.702497
41.00644,14.127023
41.01805,13.800656
41.02966,13.5442
41.04127,13.594605
41.05288,14.163959
41.06449,19.726924
41.0761,19.994063
41.08771,20.561652
41.09932,21.319026
41.11093,22.146096
41.12254,23.411534
41.13415,22.337421
41.14576,20.927565
41.15737,19.394263
41.16898,18.80337
41.18059,17.774389
41.1922,16.984574
41.20381,16.105622
41.21542,14.119735
41.227029,13.6532
41.238639,13.789765
41.250249,13.464994
41.261859,13.78124
41.273469,13.616601
41.285079,12.79138
41.296689,13.102656
41.308299,12.508946
41.319909,12.18055
41.331519,12.100143
41.343129,11.50547
41.354739,11.187319
41.366349,11.021758
41.377959,10.335684
41.389569,9.6548456
41.401179,12.531676
41.412789,14.732748
41.424399,14.970265
41.436009,14.563533
41.447619,13.183175
41.459229,13.351644
41.470839,12.173093
41.482449,12.456636
41.494059,12.673044
41.505669,11.122904
41.517279,11.342013
41.528889,11.889391
41.540499,9.9282365
41.552109,12.136262
41.563719,15.384953
41.575329,11.681037
41.586939,11.444436
41.598549,12.839315
41.610159,10.121617
41.621769,10.839092
41.633379,10.319356
41.644989,9.7960709
41.656599,9.7215187
41.668209,8.6769306
41.679819,8.9440614
41.691429,10.183001
41.703039,9.2960814
41.714649,9.1286897
41.726259,8.257191
41.737868,9.0166592
41.749478,8.1316845
41.761088,8.4831775
41.772698,8.4976132
41.784308,7.5659574
41.795918,7.538861
41.807528,7.2217908
41.819138,6.5650991
41.830748,7.9830924
41.842358,16.331626
41.853968,20.81878
41.865578,19.067198
41.877188,18.141683
41.888798,18.10054
41.900408,16.998829
41.912018,16.679618
41.923628,16.935212
41.935238,16.094055
41.946848,15.953822
41.958458,15.848113
41.970068,15.081313
41.981678,15.220315
41.993288,15.179987
42.004898,14.09333
42.016508,14.439702
42.028118,15.174841
42.039728,13.701997
42.051338,13.240893
42.062948,12.98847
42.074558,12.312233
42.086168,12.169964
42.097778,13.088638
42.109388,11.946939
42.120998,11.440128
42.132608,11.111062
42.144218,10.617162
42.155828,10.502639
42.167438,10.679409
42.179048,10.246173
42.190658,9.921662
42.202268,10.270641
42.213878,9.9500316
42.225488,9.7060706
42.237098,9.9037886
42.248707,8.981883
42.260317,8.456092
42.271927,8.7865094
42.283537,8.3574789
42.295147,8.3629396
42.306757,8.3219687
42.318367,7.8010513
42.329977,7.5897555
42.341587,7.7019266
42.353197,7.4071113
42.364807,7.2594862
42.376417,7.553133
42.388027,9.0283708
42.399637,14.546382
42.411247,15.695008
42.422857,13.895142
42.434467,14.710096
42.446077,14.414767
42.457687,13.821805
42.469297,14.53718
42.480907,13.665703
42.492517,13.425009
42.504127,13.324914
42.515737,12.901829
42.527347,12.888294
42.538957,12.589111
42.550567,12.397894
42.562177,12.110728
42.573787,11.900762
42.585397,11.849491
42.597007,11.508241
42.608617,11.292908
42.620227,10.78714
42.631837,10.496443
42.643447,9.9460788
42.655057,9.6550993
42.666667,9.2236923
42.678277,8.9540445
42.689887,8.6199329
42.701497,8.1074718
42.713107,7.8251465
42.724717,8.0596891
42.736327,8.4065512
42.747937,7.6907754
42.759546,7.8582839
42.771156,8.7872251
42.782766,8.47159
42.794376,8.2972637
42.805986,7.6584433
42.817596,7.8293661
42.829206,7.558043
42.840816,7.6669488
42.852426,7.3617097
42.864036,7.1451271
42.875646,6.736671
42.887256,6.5301046
42.898866,6.352494
42.910476,8.3698745
42.922086,13.427289
42.933696,13.10274
42.945306,13.410167
42.956916,13.24205
42.968526,12.555985
42.980136,12.433582
42.991746,12.525302
43.003356,12.100325
43.014966,12.143834
43.026576,12.078857
43.038186,11.834739
43.049796,11.549558
43.061406,11.423436
43.073016,11.756564
43.084626,11.554709
43.096236,11.331095
43.107846,11.051549
43.119456,12.475735
43.131066,14.434209
43.142676,15.46485
43.154286,14.520523
43.165896,14.822006
43.177506,14.317013
43.189116,13.476748
43.200726,13.648726
43.212336,13.432887
43.223946,13.090554
43.235556,11.980129
43.247166,10.892801
43.258776,10.308159
43.270385,9.8296037
43.281995,9.2939045
43.293605,9.3792042
43.305215,9.1600188
43.316825,8.9706362
43.328435,8.9043354
43.340045,8.3677599
43.351655,7.9453997
43.363265,7.7363804
43.374875,7.2477917
43.386485,6.8975708
43.398095,6.4439646
43.409705,6.199554
43.421315,5.8590841
43.432925,5.1932136
43.444535,4.8436359
43.456145,4.3887715
43.467755,4.3243177
43.479365,4.0014456
43.490975,3.6015061
43.502585,6.2000389
43.514195,11.920266
43.525805,11.137815
43.537415,10.648141
43.549025,10.540427
43.560635,9.7337169
43.572245,10.077136
43.583855,10.164893
43.595465,9.330014
43.607075,9.2747716
43.618685,9.4520554
43.630295,8.9137216
43.641905,8.8910822
43.653515,9.7127432
43.665125,6.6014406
43.676735,9.1264322
43.688345,12.176178
43.699955,7.5846603
43.711565,8.2772554
43.723175,9.185989
43.734785,6.1465906
43.746395,7.393575
43.758005,6.8161754
43.769615,6.1656459
43.781224,6.9633035
43.792834,6.2622709
43.804444,6.846776
43.816054,7.0188609
43.827664,7.1239116
43.839274,6.5002433
43.850884,7.3985309
43.862494,5.7172618
43.874104,5.3687721
43.885714,6.1047775
43.897324,3.7964741
43.908934,4.1348618
43.920544,3.3684632
43.932154,3.064113
43.943764,2.691958
43.955374,2.9210962
43.966984,3.0437501
43.978594,3.8820932
43.990204,3.9813662
44.001814,3.5847381
44.013424,3.8689642
44.025034,3.8553481
44.036644,3.2635992
44.048254,3.4150542
44.059864,3.2601868
44.071474,3.033787
44.083084,3.2051675
44.094694,2.888629
44.106304,3.2302702
44.117914,2.5288583
44.129524,2.9388456
44.141134,2.7320284
44.152744,2.8030711
44.164354,2.9585041
44.175964,4.2751094
44.187574,4.6826134
44.199184,4.7828245
44.210794,4.6929642
44.222404,4.672322
44.234014,4.6670473
44.245624,4.6040559
44.257234,4.5164322
44.268844,4.3896377
44.280454,4.4552839
44.292063,4.3053567
44.303673,4.2738276
44.315283,4.2154413
44.326893,4.1714046
44.338503,4.1738112
44.350113,4.015012
44.361723,4.0089607
44.373333,3.8178257
44.384943,3.7807472
44.396553,3.7309591
44.408163,3.6209031
44.419773,3.6244178
44.431383,3.4130949
44.442993,3.4082396
44.454603,3.4574903
44.466213,3.1594539
44.477823,3.1754646
44.489433,3.0399704
44.501043,2.9060944
44.512653,3.0699541
44.524263,2.823523
44.535873,2.6173759
44.547483,2.5948919
44.559093,2.8132347
44.570703,2.4395408
44.582313,2.5348266
44.593923,2.4686458
44.605533,2.3745203
44.617143,2.6218051
44.628753,2.5619669
44.640363,2.1207563
44.651973,2.2285684
44.663583,2.469424
44.675193,2.2801631
44.686803,2.3080163
44.698413,2.0978956
44.710023,1.9757785
44.721633,2.2162027
44.733243,2.304808
44.744853,1.9324683
44.756463,1.7926315
44.768073,2.0116337
44.779683,1.9568054
44.791293,1.9992131
44.802902,1.887035
44.814512,1.5112795
44.826122,1.7272295
44.837732,3.0283969
44.849342,4.6367689
44.860952,5.7495742
44.872562,5.4932534
44.884172,5.2087299
44.895782,4.8715172
44.907392,5.129229
44.919002,5.0501722
44.930612,4.7639016
44.942222,4.8971465
44.953832,4.4297059
44.965442,4.441127
44.977052,4.3486925
44.988662,4.3855905
45.000272,4.2806175
45.011882,4.216959
45.023492,4.3475526
45.035102,4.3382258
45.046712,4.2009734
45.058322,4.0986664
45.069932,3.9027918
45.081542,4.002249
45.093152,3.8395046
45.104762,3.8874427
45.116372,3.732815
45.127982,3.6157946
45.139592,3.6572879
45.151202,3.5896455
45.162812,3.5745841
45.174422,3.4085425
45.186032,3.3760608
45.197642,3.2085464
45.209252,3.1355981
45.220862,3.1578657
45.232472,3.0053139
45.244082,3.1199346
45.255692,2.9979071
45.267302,2.9949961
45.278912,2.9543228
45.290522,2.8118143
45.302132,2.7640977
45.313741,2.6265806
45.325351,2.5617861
45.336961,2.4875912
45.348571,2.4291523
45.360181,2.4008126
45.371791,2.3895749
45.383401,2.411385
45.395011,2.5075409
45.406621,2.5139195
45.418231,2.4301641
45.429841,2.3995645
45.441451,2.4308752
45.453061,2.4673964
45.464671,2.4984656
45.476281,2.4608998
45.487891,2.4320673
45.499501,2.4156607
45.511111,2.3840153
45.522721,2.3880053
45.534331,2.3689996
45.545941,2.335445
45.557551,2.3518582
45.569161,2.3431218
45.580771,2.2880016
45.592381,2.2897424
45.603991,2.255447
45.615601,2.2689579
45.627211,2.2427378
45.638821,2.1993769
45.650431,2.1843667
45.662041,2.1739437
45.673651,2.1401094
45.685261,2.120624
45.696871,2.0719965
45.708481,2.0589183
45.720091,2.0150666
45.731701,1.9658856
45.743311,1.9117501
45.754921,1.9141611
45.766531,1.9242971
45.778141,1.9030863
45.789751,1.9144926
45.801361,1.878254
45.812971,1.9062555
45.82458,1.8726577
45.83619,1.8474133
45.8478,1.7585114
45.85941,1.711327
45.87102,1.6149519
45.88263,1.5704991
45.89424,1.5295562
45.90585,1.5143872
45.91746,1.4983401
45.92907,1.4548465
45.94068,1.3646537
45.95229,1.2984495
45.9639,1.2675205
45.97551,1.267426
45.98712,1.245225
45.99873,1.2562244
46.01034,1.2659932
46.02195,1.2766049
46.03356,1.2721242
46.04517,1.2582374
46.05678,1.2549732
46.06839,1.2417313
46.08,1.2107796
46.09161,1.1879619
46.10322,1.195189
46.11483,1.1795811
46.12644,1.1773688
46.13805,1.1990477
46.14966,1.0817889
46.16127,1.1251959
46.17288,1.0894676
46.18449,1.1058922
46.1961,1.1359969
46.20771,1.0984036
46.21932,1.0748894
46.23093,1.0573421
46.24254,1.0909268
46.25415,1.0266576
46.26576,1.0364209
46.27737,1.0433666
46.28898,1.0119484
46.30059,1.0058655
46.3122,0.97440539
46.32381,0.93424734
46.33542,0.94471642
46.347029,0.87268402
46.358639,0.89785788
46.370249,0.83496272
46.381859,0.81196274
46.393469,0.83833901
46.405079,0.78464833
46.416689,0.74815529
46.428299,0.78661125
46.439909,0.72767815
46.451519,0.63120533
46.463129,0.67456641
46.474739,0.69958352
46.486349,0.75395602
46.497959,0.78425651
46.509569,0.77114932
46.521179,0.84260336
46.532789,0.7846405
46.544399,0.7835546
46.556009,0.84452111
46.567619,0.95476892
46.579229,0.77402164
46.590839,0.75728803
46.602449,0.69859893
46.614059,0.80547515
46.625669,0.82050518
46.637279,0.7409622
46.648889,0.66509415
46.660499,0.73168925
46.672109,0.65146826
46.683719,0.54744932
46.695329,0.51514787
46.706939,0.37857886
46.718549,0.23622905
46.730159,0.18192997
46.741769,0.15559043
46.753379,0.18776796
46.764989,0.24159766
46.776599,0.17103846
46.788209,0.2179969
46.799819,0.25036256
46.811429,0.18475879
46.823039,0.25114904
46.834649,0.19127617
46.846259,0.17184972
46.857868,0.18795132
46.869478,0.17828743
46.881088,0.14986624
46.892698,0.10002273
46.904308,0.15527772
46.915918,0.16934299
46.927528,0.12657774
46.939138,0.088061839
46.950748,0.089735982
46.962358,0.09298533
46.973968,0.16135986
46.985578,0.089920195
46.997188,0.064642281
47.008798,0.05207216
47.020408,0.079436534
47.032018,0.046553981
47.043628,0.0082771465
47.055238,0.03287651
47.066848,0.014270439
47.078458,0.024661527
47.090068,0.021434172
47.101678,0.010296011
47.113288,0.017592561
47.124898,0.082214452
47.136508,0.035528645
47.148118,0.00050983877
47.159728,0.0029602201
47.171338,0.0010960288
47.182948,0.0012286871
47.194558,1.9501699e-05
47.206168,0
47.217778,0.0014977663
47.229388,0.003527078
47.240998,0.00029128
47.252608,0
47.264218,0.00037431006
47.275828,0.00022428071
47.287438,2.3426105e-08
47.299048,6.8675189e-06
47.310658,4.1461831e-07
47.322268,2.3148603e-05
47.333878,2.9226087e-05
47.345488,0.00044789195
47.357098,0.0010428532
47.368707,0.0012609193
47.380317,0.0052676115
47.391927,0.0026984141
47.403537,0.00047771942
47.415147,0.0061155276
47.426757,0.0015100644
47.438367,0
47.449977,5.0272167e-05
47.461587,0.00010482812
47.473197,0
47.484807,1.6055573e-05
47.496417,0.0016636889
47.508027,0
47.519637,3.9132477e-05
47.531247,0
47.542857,0
47.554467,0
47.566077,0
47.577687,0
47.589297,0
47.600907,0
47.612517,0
47.624127,0
47.635737,0
47.647347,0
47.658957,0
47.670567,0
47.682177,0
47.693787,0
47.705397,0
47.717007,0
47.728617,0
47.740227,0
47.751837,0
47.763447,0
47.775057,0
47.786667,0
47.798277,0
47.809887,0
47.821497,0
47.833107,0
47.844717,0
47.856327,0
47.867937,0
47.879546,0
47.891156,0
47.902766,0
47.914376,0
47.925986,0
47.937596,0
47.949206,0
47.960816,0
47.972426,0
47.984036,0
47.995646,0
48.007256,0
48.018866,0
48.030476,0
48.042086,0
48.053696,0
48.065306,0
48.076916,0
48.088526,0
48.100136,0
48.111746,0
48.123356,0
48.134966,0
48.146576,0
48.158186,0
48.169796,0
48.181406,0
48.193016,0
48.204626,0
48.216236,0
48.227846,0
48.239456,0
48.251066,0
48.262676,0
48.274286,0
48.285896,0
48.297506,0
48.309116,0
48.320726,0
48.332336,0
48.343946,0
48.355556,0
48.367166,0
48.378776,0
48.390385,0
48.401995,0
48.413605,0
48.425215,0
48.436825,0
48.448435,0
48.460045,0
48.471655,0
48.483265,0
48.494875,0
48.506485,0
48.518095,0
48.529705,0
48.541315,0
48.552925,0
48.564535,0
48.576145,0
48.587755,0
48.599365,0
48.610975,0
48.622585,0
48.634195,0
48.645805,0
48.657415,0
48.669025,0
48.680635,0
48.692245,0
48.703855,0
48.715465,0
48.727075,0
48.738685,0
48.750295,0
48.761905,0
48.773515,0
48.785125,0
48.796735,0
48.808345,0
48.819955,0
48.831565,0
48.843175,0
48.854785,0
48.866395,0
48.878005,0
48.889615,0
48.901224,0
48.912834,0
48.924444,0
48.936054,0
48.947664,0
48.959274,0
48.970884,0
48.982494,0
48.994104,0
49.005714,0
49.017324,0
49.028934,0
49.040544,0
49.052154,0
49.063764,0
49.075374,0
49.086984,0
49.098594,0
49.110204,0
49.121814,0
49.133424,0
49.145034,0
49.156644,0
49.168254,0
49.179864,0
49.191474,0
49.203084,0
49.214694,0
49.226304,0
49.237914,0
49.249524,0
49.261134,0
49.272744,0
49.284354,0
49.295964,0
49.307574,0
49.319184,0
49.330794,0
49.342404,0
49.354014,0
49.365624,0
49.377234,0
49.388844,0
49.400454,0
49.412063,0
49.423673,0
49.435283,0
49.446893,0
49.458503,0
49.470113,0
49.481723,0
49.493333,0
49.504943,0
49.516553,0
49.528163,0
49.539773,0
49.551383,0
49.562993,0
49.574603,0
49.586213,0
49.597823,0
49.609433,0
49.621043,0
49.632653,0
49.644263,0
49.655873,0
49.667483,0
49.679093,0
49.690703,0
49.702313,0
49.713923,0
49.725533,0
49.737143,0
49.748753,0
49.760363,0
49.771973,0
49.783583,0
49.795193,0
49.806803,0
49.818413,0
49.830023,0
49.841633,0
49.853243,0
49.864853,0
49.876463,0
49.888073,0
49.899683,0
49.911293,0
49.922902,0
49.934512,0
49.946122,0
49.957732,0
49.969342,0
49.980952,0
49.992562,0
50.004172,0
50.015782,0
50.027392,0
50.039002,0
50.050612,0
50.062222,0
50.073832,0
50.085442,0
50.097052,0
50.108662,0
50.120272,0
50.131882,0
50.143492,0
50.155102,0
50.166712,0
50.178322,0
50.189932,0
50.201542,0
50.213152,0
50.224762,0
50.236372,0
50.247982,0
50.259592,0
50.271202,0
